"","V1","FFL","No_FFL","Pos_pos","Pos_mixt","Pos_neg","Neg_pos","Neg_mixt","Neg_neg","Mixt_pos","Mixt_mixt_hom","Mixt_mixt_het","Mixt_neg"
"1","idnO",1,0,0.333333333333333,0.666666666666667,0,0,0,0,0,0,0,0
"2","idnD",1,0,0.333333333333333,0.666666666666667,0,0,0,0,0,0,0,0
"3","idnT",1,0,0.333333333333333,0.666666666666667,0,0,0,0,0,0,0,0
"4","idnK",1,0,0.333333333333333,0.666666666666667,0,0,0,0,0,0,0,0
"5","idnR",1,0,0,1,0,0,0,0,0,0,0,0
"6","gntT",1,0,0,1,0,0,0,0,0,0,0,0
"7","gntU",1,0,0,0.666666666666667,0.333333333333333,0,0,0,0,0,0,0
"8","cspG",0,1,0,0,0,0,0,0,0,0,0,0
"9","gntK",1,0,0,0.666666666666667,0.333333333333333,0,0,0,0,0,0,0
"10","yjgR",0,1,0,0,0,0,0,0,0,0,0,0
"11","yjjZ",1,0,0,1,0,0,0,0,0,0,0,0
"12","flhC",1,0,0.0614035087719298,0.342105263157895,0.377192982456141,0.0087719298245614,0.0175438596491228,0.131578947368421,0.0087719298245614,0,0.0175438596491228,0.0350877192982456
"13","alr",0,1,0,0,0,0,0,0,0,0,0,0
"14","glpF",1,0,0,0.5,0,0,0,0,0,0,0,0.5
"15","glpC",1,0,0.333333333333333,0.137254901960784,0,0.372549019607843,0,0,0.156862745098039,0,0,0
"16","glpB",1,0,0.333333333333333,0.137254901960784,0,0.372549019607843,0,0,0.156862745098039,0,0,0
"17","yddH",0,1,0,0,0,0,0,0,0,0,0,0
"18","cspA",1,0,0.25,0.5,0,0.25,0,0,0,0,0,0
"19","glpT",1,0,0.166666666666667,0.2,0.0666666666666667,0.0333333333333333,0.133333333333333,0.1,0,0.266666666666667,0,0.0333333333333333
"20","codA",1,0,0,0,0,0,1,0,0,0,0,0
"21","flhD",1,0,0.0598290598290598,0.350427350427351,0.376068376068376,0.00854700854700855,0.0170940170940171,0.128205128205128,0.00854700854700855,0,0.0170940170940171,0.0341880341880342
"22","metQ",0,1,0,0,0,0,0,0,0,0,0,0
"23","mcrB",0,1,0,0,0,0,0,0,0,0,0,0
"24","fdx",0,1,0,0,0,0,0,0,0,0,0,0
"25","garR",1,0,0,0.666666666666667,0.333333333333333,0,0,0,0,0,0,0
"26","metI",0,1,0,0,0,0,0,0,0,0,0,0
"27","malZ",0,1,0,0,0,0,0,0,0,0,0,0
"28","ykgM",0,1,0,0,0,0,0,0,0,0,0,0
"29","kdgK",0,1,0,0,0,0,0,0,0,0,0,0
"30","zraP",0,1,0,0,0,0,0,0,0,0,0,0
"31","pspC",1,0,0.8,0,0,0.2,0,0,0,0,0,0
"32","pspD",1,0,0.8,0,0,0.2,0,0,0,0,0,0
"33","pspA",1,0,0.8,0,0,0.2,0,0,0,0,0,0
"34","pspB",1,0,0.8,0,0,0.2,0,0,0,0,0,0
"35","miaA",1,0,1,0,0,0,0,0,0,0,0,0
"36","yjiN",0,1,0,0,0,0,0,0,0,0,0,0
"37","yghJ",0,1,0,0,0,0,0,0,0,0,0,0
"38","mqo",1,0,0,0,1,0,0,0,0,0,0,0
"39","cirA",1,0,0.111111111111111,0.555555555555556,0.222222222222222,0,0,0,0,0,0,0.111111111111111
"40","zwf",1,0,0.0714285714285714,0.5,0.0714285714285714,0.0714285714285714,0.142857142857143,0,0.0714285714285714,0,0.0714285714285714,0
"41","dapE",0,1,0,0,0,0,0,0,0,0,0,0
"42","secE",0,1,0,0,0,0,0,0,0,0,0,0
"43","cdd",0,1,0,0,0,0,0,0,0,0,0,0
"44","yebK",0,1,0,0,0,0,0,0,0,0,0,0
"45","ompX",1,0,0,0.5,0.25,0,0,0,0,0,0.25,0
"46","fabH",1,0,0,0.5,0,0.5,0,0,0,0,0,0
"47","yifK",0,1,0,0,0,0,0,0,0,0,0,0
"48","uup",0,1,0,0,0,0,0,0,0,0,0,0
"49","pyrH",0,1,0,0,0,0,0,0,0,0,0,0
"50","argI",1,0,0,1,0,0,0,0,0,0,0,0
"51","speE",0,1,0,0,0,0,0,0,0,0,0,0
"52","tsx",1,0,0,0.5,0.25,0,0,0,0,0,0.25,0
"53","rplU",1,0,0,1,0,0,0,0,0,0,0,0
"54","rplY",0,1,0,0,0,0,0,0,0,0,0,0
"55","ldrD",0,1,0,0,0,0,0,0,0,0,0,0
"56","yegD",0,1,0,0,0,0,0,0,0,0,0,0
"57","yddJ",0,1,0,0,0,0,0,0,0,0,0,0
"58","dnaJ",0,1,0,0,0,0,0,0,0,0,0,0
"59","caiT",1,0,0.545454545454546,0.363636363636364,0,0,0,0,0,0,0.0909090909090909,0
"60","alaS",0,1,0,0,0,0,0,0,0,0,0,0
"61","nusG",0,1,0,0,0,0,0,0,0,0,0,0
"62","dnaB",0,1,0,0,0,0,0,0,0,0,0,0
"63","deoC",1,0,0,0.5,0,0.5,0,0,0,0,0,0
"64","era",0,1,0,0,0,0,0,0,0,0,0,0
"65","rplL",0,1,0,0,0,0,0,0,0,0,0,0
"66","plsX",0,1,0,0,0,0,0,0,0,0,0,0
"67","lyxK",1,0,0.210526315789474,0.105263157894737,0,0.263157894736842,0.210526315789474,0,0.157894736842105,0.0526315789473684,0,0
"68","yceD",0,1,0,0,0,0,0,0,0,0,0,0
"69","glmU",0,1,0,0,0,0,0,0,0,0,0,0
"70","nadR",0,1,0,0,0,0,0,0,0,0,0,0
"71","rep",0,1,0,0,0,0,0,0,0,0,0,0
"72","rplJ",0,1,0,0,0,0,0,0,0,0,0,0
"73","speD",0,1,0,0,0,0,0,0,0,0,0,0
"74","yiaK",1,0,0.210526315789474,0.105263157894737,0,0.263157894736842,0.210526315789474,0,0.157894736842105,0.0526315789473684,0,0
"75","ispF",0,1,0,0,0,0,0,0,0,0,0,0
"76","glpD",1,0,0,0.666666666666667,0.333333333333333,0,0,0,0,0,0,0
"77","pabB",0,1,0,0,0,0,0,0,0,0,0,0
"78","gudP",0,1,0,0,0,0,0,0,0,0,0,0
"79","malI",0,1,0,0,0,0,0,0,0,0,0,0
"80","fepA",1,0,0,0.5,0.5,0,0,0,0,0,0,0
"81","hslO",0,1,0,0,0,0,0,0,0,0,0,0
"82","serB",0,1,0,0,0,0,0,0,0,0,0,0
"83","trmD",1,0,0,0,1,0,0,0,0,0,0,0
"84","yhiN",0,1,0,0,0,0,0,0,0,0,0,0
"85","rpsN",0,1,0,0,0,0,0,0,0,0,0,0
"86","rpmB",0,1,0,0,0,0,0,0,0,0,0,0
"87","rplN",0,1,0,0,0,0,0,0,0,0,0,0
"88","mreD",0,1,0,0,0,0,0,0,0,0,0,0
"89","pntA",1,0,1,0,0,0,0,0,0,0,0,0
"90","rbsB",1,0,0,0.428571428571429,0.285714285714286,0,0,0,0,0,0.285714285714286,0
"91","sgbU",1,0,0.210526315789474,0.105263157894737,0,0.263157894736842,0.210526315789474,0,0.157894736842105,0.0526315789473684,0,0
"92","tyrS",0,1,0,0,0,0,0,0,0,0,0,0
"93","ybfA",0,1,0,0,0,0,0,0,0,0,0,0
"94","modF",0,1,0,0,0,0,0,0,0,0,0,0
"95","wzzB",0,1,0,0,0,0,0,0,0,0,0,0
"96","coaE",0,1,0,0,0,0,0,0,0,0,0,0
"97","inaA",1,0,0.375,0.375,0,0.125,0,0,0.125,0,0,0
"98","rpmH",0,1,0,0,0,0,0,0,0,0,0,0
"99","cytR",0,1,0,0,0,0,0,0,0,0,0,0
"100","yhjR",0,1,0,0,0,0,0,0,0,0,0,0
"101","maa",0,1,0,0,0,0,0,0,0,0,0,0
"102","potA",0,1,0,0,0,0,0,0,0,0,0,0
"103","deaD",0,1,0,0,0,0,0,0,0,0,0,0
"104","argS",0,1,0,0,0,0,0,0,0,0,0,0
"105","rplE",0,1,0,0,0,0,0,0,0,0,0,0
"106","pyrE",0,1,0,0,0,0,0,0,0,0,0,0
"107","sgbE",1,0,0.210526315789474,0.105263157894737,0,0.263157894736842,0.210526315789474,0,0.157894736842105,0.0526315789473684,0,0
"108","rpsS",1,0,0,0.375,0.375,0,0.25,0,0,0,0,0
"109","aroL",1,0,0,0.5,0.5,0,0,0,0,0,0,0
"110","ptsI",1,0,0.2,0.6,0.2,0,0,0,0,0,0,0
"111","rph",0,1,0,0,0,0,0,0,0,0,0,0
"112","bax",0,1,0,0,0,0,0,0,0,0,0,0
"113","rplS",1,0,0,0,1,0,0,0,0,0,0,0
"114","speB",1,0,0,0.333333333333333,0,0,0.333333333333333,0,0.333333333333333,0,0,0
"115","cobT",0,1,0,0,0,0,0,0,0,0,0,0
"116","tgt",0,1,0,0,0,0,0,0,0,0,0,0
"117","stpA",1,0,0,0.5,0.25,0,0.25,0,0,0,0,0
"118","copA",0,1,0,0,0,0,0,0,0,0,0,0
"119","pitA",1,0,0,1,0,0,0,0,0,0,0,0
"120","proQ",0,1,0,0,0,0,0,0,0,0,0,0
"121","thiI",0,1,0,0,0,0,0,0,0,0,0,0
"122","guaB",1,0,0,0.375,0.375,0,0.25,0,0,0,0,0
"123","tdcG",1,0,0.5,0,0,0.166666666666667,0,0,0.333333333333333,0,0,0
"124","upp",1,0,0,1,0,0,0,0,0,0,0,0
"125","cueO",0,1,0,0,0,0,0,0,0,0,0,0
"126","rplA",0,1,0,0,0,0,0,0,0,0,0,0
"127","gltX",1,0,0,0,0,0,1,0,0,0,0,0
"128","rpsA",0,1,0,0,0,0,0,0,0,0,0,0
"129","lamB",1,0,0.5,0.5,0,0,0,0,0,0,0,0
"130","rluA",0,1,0,0,0,0,0,0,0,0,0,0
"131","rpsO",1,0,0.111111111111111,0.444444444444444,0.111111111111111,0.333333333333333,0,0,0,0,0,0
"132","pcnB",1,0,0,0.333333333333333,0,0,0,0,0.333333333333333,0,0.333333333333333,0
"133","fabI",0,1,0,0,0,0,0,0,0,0,0,0
"134","ldrA",0,1,0,0,0,0,0,0,0,0,0,0
"135","hokD",1,0,0,0,1,0,0,0,0,0,0,0
"136","rhlE",0,1,0,0,0,0,0,0,0,0,0,0
"137","yhbE",1,0,0,1,0,0,0,0,0,0,0,0
"138","rplM",1,0,0,0,1,0,0,0,0,0,0,0
"139","rplD",1,0,0,0.666666666666667,0.333333333333333,0,0,0,0,0,0,0
"140","fecA",1,0,0.375,0.5,0,0,0,0,0.125,0,0,0
"141","lysP",0,1,0,0,0,0,0,0,0,0,0,0
"142","rplF",1,0,0,0,1,0,0,0,0,0,0,0
"143","yidC",0,1,0,0,0,0,0,0,0,0,0,0
"144","pdxY",0,1,0,0,0,0,0,0,0,0,0,0
"145","recO",0,1,0,0,0,0,0,0,0,0,0,0
"146","wecB",0,1,0,0,0,0,0,0,0,0,0,0
"147","rpsD",0,1,0,0,0,0,0,0,0,0,0,0
"148","rpsI",1,0,0,0,0.727272727272727,0,0,0.181818181818182,0,0,0,0.0909090909090909
"149","secA",0,1,0,0,0,0,0,0,0,0,0,0
"150","rpoA",0,1,0,0,0,0,0,0,0,0,0,0
"151","dbpA",0,1,0,0,0,0,0,0,0,0,0,0
"152","yihQ",0,1,0,0,0,0,0,0,0,0,0,0
"153","rplO",0,1,0,0,0,0,0,0,0,0,0,0
"154","rplP",1,0,0,0.375,0.375,0,0.25,0,0,0,0,0
"155","hsdM",0,1,0,0,0,0,0,0,0,0,0,0
"156","gutQ",1,0,0.333333333333333,0.555555555555556,0,0,0,0,0.111111111111111,0,0,0
"157","hokB",0,1,0,0,0,0,0,0,0,0,0,0
"158","rimM",1,0,0,0,1,0,0,0,0,0,0,0
"159","rplV",1,0,0,0.375,0.375,0,0.25,0,0,0,0,0
"160","rpmF",0,1,0,0,0,0,0,0,0,0,0,0
"161","dnaA",1,0,0,0,0.333333333333333,0,0.333333333333333,0,0,0,0,0.333333333333333
"162","cmk",0,1,0,0,0,0,0,0,0,0,0,0
"163","rplW",1,0,0,0.375,0.375,0,0.25,0,0,0,0,0
"164","aroE",0,1,0,0,0,0,0,0,0,0,0,0
"165","yqgB",0,1,0,0,0,0,0,0,0,0,0,0
"166","tilS",0,1,0,0,0,0,0,0,0,0,0,0
"167","yebO",0,1,0,0,0,0,0,0,0,0,0,0
"168","yihL",0,1,0,0,0,0,0,0,0,0,0,0
"169","rnpA",0,1,0,0,0,0,0,0,0,0,0,0
"170","pyrG",0,1,0,0,0,0,0,0,0,0,0,0
"171","yebC",0,1,0,0,0,0,0,0,0,0,0,0
"172","ybgC",0,1,0,0,0,0,0,0,0,0,0,0
"173","pyrF",1,0,1,0,0,0,0,0,0,0,0,0
"174","rpsK",1,0,0,0,0.5,0,0.5,0,0,0,0,0
"175","gsk",0,1,0,0,0,0,0,0,0,0,0,0
"176","queA",0,1,0,0,0,0,0,0,0,0,0,0
"177","rpmD",0,1,0,0,0,0,0,0,0,0,0,0
"178","rplK",0,1,0,0,0,0,0,0,0,0,0,0
"179","rpsT",0,1,0,0,0,0,0,0,0,0,0,0
"180","entD",1,0,0,1,0,0,0,0,0,0,0,0
"181","ydcL",0,1,0,0,0,0,0,0,0,0,0,0
"182","rpsE",0,1,0,0,0,0,0,0,0,0,0,0
"183","prfB",0,1,0,0,0,0,0,0,0,0,0,0
"184","argA",1,0,0,0,1,0,0,0,0,0,0,0
"185","rpsF",1,0,0,1,0,0,0,0,0,0,0,0
"186","yadC",0,1,0,0,0,0,0,0,0,0,0,0
"187","lpxK",0,1,0,0,0,0,0,0,0,0,0,0
"188","proX",1,0,0.166666666666667,0.25,0,0.25,0,0,0.25,0.0833333333333333,0,0
"189","rplQ",1,0,0,0,0.5,0,0.5,0,0,0,0,0
"190","rpsH",1,0,0,0,1,0,0,0,0,0,0,0
"191","mipA",0,1,0,0,0,0,0,0,0,0,0,0
"192","serC",0,1,0,0,0,0,0,0,0,0,0,0
"193","fecR",0,1,0,0,0,0,0,0,0,0,0,0
"194","yhdZ",1,0,1,0,0,0,0,0,0,0,0,0
"195","thiL",1,0,0.5,0.5,0,0,0,0,0,0,0,0
"196","purM",1,0,0,0,0.5,0,0,0.5,0,0,0,0
"197","rplX",0,1,0,0,0,0,0,0,0,0,0,0
"198","aroM",1,0,0,0.5,0.5,0,0,0,0,0,0,0
"199","yhgF",0,1,0,0,0,0,0,0,0,0,0,0
"200","metG",0,1,0,0,0,0,0,0,0,0,0,0
"201","ilvH",0,1,0,0,0,0,0,0,0,0,0,0
"202","ycdZ",0,1,0,0,0,0,0,0,0,0,0,0
"203","rpmC",1,0,0,0.375,0.375,0,0.25,0,0,0,0,0
"204","yjfC",0,1,0,0,0,0,0,0,0,0,0,0
"205","rpsG",0,1,0,0,0,0,0,0,0,0,0,0
"206","cvpA",1,0,0,0,1,0,0,0,0,0,0,0
"207","cusC",1,0,0.5,0,0,0.5,0,0,0,0,0,0
"208","prmA",0,1,0,0,0,0,0,0,0,0,0,0
"209","araF",1,0,0.272727272727273,0.272727272727273,0,0,0.181818181818182,0,0.181818181818182,0.0909090909090909,0,0
"210","rpsJ",1,0,0,0.375,0.375,0,0.25,0,0,0,0,0
"211","atpB",0,1,0,0,0,0,0,0,0,0,0,0
"212","metK",1,0,0,0.333333333333333,0.333333333333333,0,0.111111111111111,0,0.111111111111111,0.111111111111111,0,0
"213","bipA",0,1,0,0,0,0,0,0,0,0,0,0
"214","atpI",0,1,0,0,0,0,0,0,0,0,0,0
"215","feoB",1,0,0.2,0.4,0,0,0,0,0.4,0,0,0
"216","ldrC",0,1,0,0,0,0,0,0,0,0,0,0
"217","ydiY",0,1,0,0,0,0,0,0,0,0,0,0
"218","rplB",1,0,0,0.375,0.375,0,0.25,0,0,0,0,0
"219","rffG",0,1,0,0,0,0,0,0,0,0,0,0
"220","soxS",1,0,0.0625,0.5,0.375,0,0.0625,0,0,0,0,0
"221","tauA",1,0,0.2,0.4,0,0,0,0,0.2,0,0.2,0
"222","adk",0,1,0,0,0,0,0,0,0,0,0,0
"223","nlpA",1,0,0,1,0,0,0,0,0,0,0,0
"224","yjjG",0,1,0,0,0,0,0,0,0,0,0,0
"225","yajR",0,1,0,0,0,0,0,0,0,0,0,0
"226","fhuC",0,1,0,0,0,0,0,0,0,0,0,0
"227","glpA",1,0,0.25,0.176470588235294,0.0147058823529412,0.279411764705882,0.0588235294117647,0,0.117647058823529,0.0882352941176471,0,0.0147058823529412
"228","infA",0,1,0,0,0,0,0,0,0,0,0,0
"229","ycaO",0,1,0,0,0,0,0,0,0,0,0,0
"230","galS",1,0,0,1,0,0,0,0,0,0,0,0
"231","purR",1,0,0,0,0.5,0,0,0,0,0,0.5,0
"232","ascF",1,0,0,0.428571428571429,0.428571428571429,0,0,0,0,0,0.142857142857143,0
"233","wecC",0,1,0,0,0,0,0,0,0,0,0,0
"234","pheS",0,1,0,0,0,0,0,0,0,0,0,0
"235","rnb",0,1,0,0,0,0,0,0,0,0,0,0
"236","potB",0,1,0,0,0,0,0,0,0,0,0,0
"237","coaD",0,1,0,0,0,0,0,0,0,0,0,0
"238","rplI",1,0,0,0.5,0.5,0,0,0,0,0,0,0
"239","rpsP",1,0,0,0,1,0,0,0,0,0,0,0
"240","prpE",1,0,0.75,0,0,0,0.25,0,0,0,0,0
"241","guaA",1,0,0,0.375,0.375,0,0.25,0,0,0,0,0
"242","rpsM",1,0,0,0,0.5,0,0.5,0,0,0,0,0
"243","mrcA",0,1,0,0,0,0,0,0,0,0,0,0
"244","greA",1,0,0,0,0,0,0,0,1,0,0,0
"245","murA",0,1,0,0,0,0,0,0,0,0,0,0
"246","recG",1,0,0.5,0.5,0,0,0,0,0,0,0,0
"247","secD",0,1,0,0,0,0,0,0,0,0,0,0
"248","fecD",1,0,0.375,0.5,0,0,0,0,0.125,0,0,0
"249","rplC",1,0,0,0.375,0.375,0,0.25,0,0,0,0,0
"250","parE",0,1,0,0,0,0,0,0,0,0,0,0
"251","purL",0,1,0,0,0,0,0,0,0,0,0,0
"252","rplR",0,1,0,0,0,0,0,0,0,0,0,0
"253","ygiQ",0,1,0,0,0,0,0,0,0,0,0,0
"254","tolQ",0,1,0,0,0,0,0,0,0,0,0,0
"255","rpsC",1,0,0,0.375,0.375,0,0.25,0,0,0,0,0
"256","fhuB",0,1,0,0,0,0,0,0,0,0,0,0
"257","malM",1,0,1,0,0,0,0,0,0,0,0,0
"258","ybfE",1,0,0,1,0,0,0,0,0,0,0,0
"259","fecC",1,0,0.375,0.5,0,0,0,0,0.125,0,0,0
"260","cysM",1,0,0,1,0,0,0,0,0,0,0,0
"261","rluC",0,1,0,0,0,0,0,0,0,0,0,0
"262","proB",0,1,0,0,0,0,0,0,0,0,0,0
"263","mhpB",1,0,1,0,0,0,0,0,0,0,0,0
"264","spoT",0,1,0,0,0,0,0,0,0,0,0,0
"265","rpsB",0,1,0,0,0,0,0,0,0,0,0,0
"266","narG",1,0,0.2,0.25,0,0.15,0.15,0,0.15,0,0.1,0
"267","lnt",0,1,0,0,0,0,0,0,0,0,0,0
"268","fhuD",0,1,0,0,0,0,0,0,0,0,0,0
"269","rpiB",1,0,0,1,0,0,0,0,0,0,0,0
"270","tauC",1,0,0.5,0,0,0,0,0,0.5,0,0,0
"271","yhdY",1,0,1,0,0,0,0,0,0,0,0,0
"272","glnK",1,0,0.7,0,0,0.2,0,0,0.1,0,0,0
"273","ychH",0,1,0,0,0,0,0,0,0,0,0,0
"274","ydhL",0,1,0,0,0,0,0,0,0,0,0,0
"275","aroA",0,1,0,0,0,0,0,0,0,0,0,0
"276","fecI",0,1,0,0,0,0,0,0,0,0,0,0
"277","purF",0,1,0,0,0,0,0,0,0,0,0,0
"278","znuA",1,0,0.6,0,0,0,0.2,0,0.2,0,0,0
"279","mutY",0,1,0,0,0,0,0,0,0,0,0,0
"280","narH",1,0,0.2,0.25,0,0.15,0.15,0,0.15,0,0.1,0
"281","suhB",0,1,0,0,0,0,0,0,0,0,0,0
"282","fecB",1,0,0.375,0.5,0,0,0,0,0.125,0,0,0
"283","gadX",1,0,0.140350877192982,0.385964912280702,0.210526315789474,0.0350877192982456,0.0701754385964912,0.0175438596491228,0.0701754385964912,0.0526315789473684,0,0.0175438596491228
"284","glnA",1,0,0.8,0,0,0.2,0,0,0,0,0,0
"285","hcaE",0,1,0,0,0,0,0,0,0,0,0,0
"286","ygbE",0,1,0,0,0,0,0,0,0,0,0,0
"287","modA",1,0,0.6,0,0,0.2,0,0,0.2,0,0,0
"288","yfcJ",0,1,0,0,0,0,0,0,0,0,0,0
"289","mreC",0,1,0,0,0,0,0,0,0,0,0,0
"290","atpE",0,1,0,0,0,0,0,0,0,0,0,0
"291","prpC",1,0,0.75,0,0,0,0.25,0,0,0,0,0
"292","fecE",1,0,0.375,0.5,0,0,0,0,0.125,0,0,0
"293","lysS",0,1,0,0,0,0,0,0,0,0,0,0
"294","purK",0,1,0,0,0,0,0,0,0,0,0,0
"295","lysA",0,1,0,0,0,0,0,0,0,0,0,0
"296","ynfD",0,1,0,0,0,0,0,0,0,0,0,0
"297","frmR",0,1,0,0,0,0,0,0,0,0,0,0
"298","mrdA",0,1,0,0,0,0,0,0,0,0,0,0
"299","cysD",0,1,0,0,0,0,0,0,0,0,0,0
"300","mglB",1,0,0.0188679245283019,0.150943396226415,0.283018867924528,0,0.0943396226415094,0.339622641509434,0.0188679245283019,0.0377358490566038,0.0566037735849057,0
"301","mltB",0,1,0,0,0,0,0,0,0,0,0,0
"302","fusA",1,0,0,0.666666666666667,0,0,0,0,0,0.333333333333333,0,0
"303","tig",0,1,0,0,0,0,0,0,0,0,0,0
"304","priB",1,0,0,0.5,0.5,0,0,0,0,0,0,0
"305","iadA",0,1,0,0,0,0,0,0,0,0,0,0
"306","purD",1,0,0.333333333333333,0,0.333333333333333,0,0.333333333333333,0,0,0,0,0
"307","prfC",0,1,0,0,0,0,0,0,0,0,0,0
"308","metF",0,1,0,0,0,0,0,0,0,0,0,0
"309","nirD",1,0,0.117647058823529,0.588235294117647,0.176470588235294,0,0.0588235294117647,0,0,0,0,0.0588235294117647
"310","thrA",1,0,0.333333333333333,0.666666666666667,0,0,0,0,0,0,0,0
"311","yeiR",0,1,0,0,0,0,0,0,0,0,0,0
"312","purB",0,1,0,0,0,0,0,0,0,0,0,0
"313","yeiB",1,0,0,0,0.75,0,0,0,0,0,0.25,0
"314","tsf",0,1,0,0,0,0,0,0,0,0,0,0
"315","recQ",0,1,0,0,0,0,0,0,0,0,0,0
"316","kdpA",0,1,0,0,0,0,0,0,0,0,0,0
"317","cobS",0,1,0,0,0,0,0,0,0,0,0,0
"318","yjeT",0,1,0,0,0,0,0,0,0,0,0,0
"319","rpsR",1,0,0,1,0,0,0,0,0,0,0,0
"320","gutM",1,0,0.25,0.5,0,0,0,0,0.25,0,0,0
"321","ybaK",0,1,0,0,0,0,0,0,0,0,0,0
"322","ydiJ",0,1,0,0,0,0,0,0,0,0,0,0
"323","ycfZ",0,1,0,0,0,0,0,0,0,0,0,0
"324","ynjD",0,1,0,0,0,0,0,0,0,0,0,0
"325","yfhL",0,1,0,0,0,0,0,0,0,0,0,0
"326","narJ",1,0,0.2,0.25,0,0.15,0.15,0,0.15,0,0.1,0
"327","mepA",0,1,0,0,0,0,0,0,0,0,0,0
"328","apt",0,1,0,0,0,0,0,0,0,0,0,0
"329","yieH",0,1,0,0,0,0,0,0,0,0,0,0
"330","cysN",0,1,0,0,0,0,0,0,0,0,0,0
"331","yqeB",0,1,0,0,0,0,0,0,0,0,0,0
"332","ndh",1,0,0,0,0.736842105263158,0,0.105263157894737,0.0526315789473684,0,0,0,0.105263157894737
"333","iap",0,1,0,0,0,0,0,0,0,0,0,0
"334","yneE",0,1,0,0,0,0,0,0,0,0,0,0
"335","yehX",1,0,1,0,0,0,0,0,0,0,0,0
"336","rstA",0,1,0,0,0,0,0,0,0,0,0,0
"337","ybiX",0,1,0,0,0,0,0,0,0,0,0,0
"338","yhcN",0,1,0,0,0,0,0,0,0,0,0,0
"339","yehY",1,0,1,0,0,0,0,0,0,0,0,0
"340","yccF",0,1,0,0,0,0,0,0,0,0,0,0
"341","gpt",0,1,0,0,0,0,0,0,0,0,0,0
"342","cysU",1,0,0,1,0,0,0,0,0,0,0,0
"343","purH",1,0,0.333333333333333,0,0.333333333333333,0,0.333333333333333,0,0,0,0,0
"344","fepE",1,0,0.25,0.5,0,0,0.25,0,0,0,0,0
"345","yeaW",0,1,0,0,0,0,0,0,0,0,0,0
"346","prpB",1,0,0.75,0,0,0,0.25,0,0,0,0,0
"347","ynfM",0,1,0,0,0,0,0,0,0,0,0,0
"348","yidD",0,1,0,0,0,0,0,0,0,0,0,0
"349","eutG",0,1,0,0,0,0,0,0,0,0,0,0
"350","holD",0,1,0,0,0,0,0,0,0,0,0,0
"351","cysJ",1,0,0.285714285714286,0,0,0.428571428571429,0.142857142857143,0,0,0,0.142857142857143,0
"352","ybgO",0,1,0,0,0,0,0,0,0,0,0,0
"353","yfcA",0,1,0,0,0,0,0,0,0,0,0,0
"354","abgT",0,1,0,0,0,0,0,0,0,0,0,0
"355","yaiW",1,0,1,0,0,0,0,0,0,0,0,0
"356","abgB",0,1,0,0,0,0,0,0,0,0,0,0
"357","ymdB",1,0,0.272727272727273,0,0,0.727272727272727,0,0,0,0,0,0
"358","yhfA",0,1,0,0,0,0,0,0,0,0,0,0
"359","ppsA",1,0,0.5,0.5,0,0,0,0,0,0,0,0
"360","abgA",0,1,0,0,0,0,0,0,0,0,0,0
"361","fdhF",1,0,0.5,0.333333333333333,0,0,0,0,0,0.166666666666667,0,0
"362","ykgG",0,1,0,0,0,0,0,0,0,0,0,0
"363","ynjE",0,1,0,0,0,0,0,0,0,0,0,0
"364","uraA",0,1,0,0,0,0,0,0,0,0,0,0
"365","ygeV",0,1,0,0,0,0,0,0,0,0,0,0
"366","yadI",0,1,0,0,0,0,0,0,0,0,0,0
"367","mhpR",0,1,0,0,0,0,0,0,0,0,0,0
"368","rbsR",1,0,0,0.5,0.25,0,0,0,0,0,0.25,0
"369","yjfN",0,1,0,0,0,0,0,0,0,0,0,0
"370","purN",1,0,0,0,0.5,0,0,0.5,0,0,0,0
"371","dhaK",1,0,0,0.166666666666667,0,0,0.333333333333333,0,0.166666666666667,0.333333333333333,0,0
"372","udp",0,1,0,0,0,0,0,0,0,0,0,0
"373","dhaL",1,0,0,0,0,0,0,0,1,0,0,0
"374","rbsK",1,0,0,0.428571428571429,0.428571428571429,0,0,0,0,0,0.142857142857143,0
"375","fruA",1,0,0,1,0,0,0,0,0,0,0,0
"376","astA",1,0,0.777777777777778,0,0,0,0,0,0.222222222222222,0,0,0
"377","astC",1,0,0.538461538461539,0.307692307692308,0,0,0,0,0.153846153846154,0,0,0
"378","yehS",0,1,0,0,0,0,0,0,0,0,0,0
"379","glgS",1,0,0.25,0.75,0,0,0,0,0,0,0,0
"380","hcaR",0,1,0,0,0,0,0,0,0,0,0,0
"381","ymdA",1,0,0.333333333333333,0,0,0.666666666666667,0,0,0,0,0,0
"382","ybaE",0,1,0,0,0,0,0,0,0,0,0,0
"383","ygfZ",0,1,0,0,0,0,0,0,0,0,0,0
"384","astD",1,0,0.777777777777778,0,0,0,0,0,0.222222222222222,0,0,0
"385","argT",1,0,0.5,0.5,0,0,0,0,0,0,0,0
"386","pflD",0,1,0,0,0,0,0,0,0,0,0,0
"387","ybgI",0,1,0,0,0,0,0,0,0,0,0,0
"388","rmf",1,0,0.333333333333333,0.666666666666667,0,0,0,0,0,0,0,0
"389","fpr",1,0,0.5,0,0,0.5,0,0,0,0,0,0
"390","motA",1,0,0,1,0,0,0,0,0,0,0,0
"391","yqeC",0,1,0,0,0,0,0,0,0,0,0,0
"392","sdaA",1,0,0,1,0,0,0,0,0,0,0,0
"393","ispE",0,1,0,0,0,0,0,0,0,0,0,0
"394","prpR",1,0,0,1,0,0,0,0,0,0,0,0
"395","ybeL",0,1,0,0,0,0,0,0,0,0,0,0
"396","ykgF",0,1,0,0,0,0,0,0,0,0,0,0
"397","ykgE",1,0,0,0,0,0,1,0,0,0,0,0
"398","tolA",0,1,0,0,0,0,0,0,0,0,0,0
"399","yidF",0,1,0,0,0,0,0,0,0,0,0,0
"400","ybhQ",0,1,0,0,0,0,0,0,0,0,0,0
"401","glcC",1,0,0,0.6,0.2,0,0.2,0,0,0,0,0
"402","yihX",0,1,0,0,0,0,0,0,0,0,0,0
"403","yaiZ",0,1,0,0,0,0,0,0,0,0,0,0
"404","yfdY",0,1,0,0,0,0,0,0,0,0,0,0
"405","yieK",0,1,0,0,0,0,0,0,0,0,0,0
"406","apaG",1,0,0.25,0,0,0,0,0,0.75,0,0,0
"407","fadA",1,0,0,0.333333333333333,0.166666666666667,0.166666666666667,0.333333333333333,0,0,0,0,0
"408","yajO",0,1,0,0,0,0,0,0,0,0,0,0
"409","ydhF",0,1,0,0,0,0,0,0,0,0,0,0
"410","mltA",0,1,0,0,0,0,0,0,0,0,0,0
"411","yhfZ",0,1,0,0,0,0,0,0,0,0,0,0
"412","pflC",0,1,0,0,0,0,0,0,0,0,0,0
"413","yahN",0,1,0,0,0,0,0,0,0,0,0,0
"414","yniA",0,1,0,0,0,0,0,0,0,0,0,0
"415","astB",1,0,0.777777777777778,0,0,0,0,0,0.222222222222222,0,0,0
"416","smpB",0,1,0,0,0,0,0,0,0,0,0,0
"417","rsd",1,0,0.3,0.3,0,0.1,0.1,0,0.2,0,0,0
"418","cheA",1,0,0,1,0,0,0,0,0,0,0,0
"419","rpmG",0,1,0,0,0,0,0,0,0,0,0,0
"420","yfbU",0,1,0,0,0,0,0,0,0,0,0,0
"421","cspI",0,1,0,0,0,0,0,0,0,0,0,0
"422","uspA",1,0,0.125,0.125,0,0.375,0.375,0,0,0,0,0
"423","bioH",0,1,0,0,0,0,0,0,0,0,0,0
"424","dhaM",1,0,0,0,0,0,0,0,1,0,0,0
"425","ygcN",0,1,0,0,0,0,0,0,0,0,0,0
"426","ydhQ",1,0,1,0,0,0,0,0,0,0,0,0
"427","dacC",0,1,0,0,0,0,0,0,0,0,0,0
"428","flgJ",1,0,0.272727272727273,0,0,0.727272727272727,0,0,0,0,0,0
"429","hdfR",1,0,0,0.666666666666667,0,0,0,0,0,0.333333333333333,0,0
"430","sfsA",0,1,0,0,0,0,0,0,0,0,0,0
"431","amtB",1,0,0.75,0,0,0,0,0,0.25,0,0,0
"432","mrr",0,1,0,0,0,0,0,0,0,0,0,0
"433","yqeF",1,0,1,0,0,0,0,0,0,0,0,0
"434","ugpB",0,1,0,0,0,0,0,0,0,0,0,0
"435","yhjV",0,1,0,0,0,0,0,0,0,0,0,0
"436","malT",1,0,0.25,0.75,0,0,0,0,0,0,0,0
"437","ynaE",0,1,0,0,0,0,0,0,0,0,0,0
"438","glgX",1,0,1,0,0,0,0,0,0,0,0,0
"439","panF",0,1,0,0,0,0,0,0,0,0,0,0
"440","sseA",0,1,0,0,0,0,0,0,0,0,0,0
"441","sbmA",1,0,1,0,0,0,0,0,0,0,0,0
"442","srmB",0,1,0,0,0,0,0,0,0,0,0,0
"443","putA",1,0,0,1,0,0,0,0,0,0,0,0
"444","hcaD",0,1,0,0,0,0,0,0,0,0,0,0
"445","yecA",0,1,0,0,0,0,0,0,0,0,0,0
"446","chaC",0,1,0,0,0,0,0,0,0,0,0,0
"447","yfaQ",0,1,0,0,0,0,0,0,0,0,0,0
"448","ygiS",0,1,0,0,0,0,0,0,0,0,0,0
"449","tus",0,1,0,0,0,0,0,0,0,0,0,0
"450","yaeH",0,1,0,0,0,0,0,0,0,0,0,0
"451","rng",0,1,0,0,0,0,0,0,0,0,0,0
"452","malS",1,0,1,0,0,0,0,0,0,0,0,0
"453","flgK",0,1,0,0,0,0,0,0,0,0,0,0
"454","yohK",0,1,0,0,0,0,0,0,0,0,0,0
"455","yqjE",0,1,0,0,0,0,0,0,0,0,0,0
"456","yccX",0,1,0,0,0,0,0,0,0,0,0,0
"457","speG",1,0,0,0.333333333333333,0,0,0.333333333333333,0,0,0,0.333333333333333,0
"458","flgI",1,0,0.272727272727273,0,0,0.727272727272727,0,0,0,0,0,0
"459","degQ",0,1,0,0,0,0,0,0,0,0,0,0
"460","yqjD",0,1,0,0,0,0,0,0,0,0,0,0
"461","yieL",0,1,0,0,0,0,0,0,0,0,0,0
"462","ygiC",1,0,0.428571428571429,0,0,0.285714285714286,0,0,0.285714285714286,0,0,0
"463","ypeB",0,1,0,0,0,0,0,0,0,0,0,0
"464","recB",0,1,0,0,0,0,0,0,0,0,0,0
"465","nupG",0,1,0,0,0,0,0,0,0,0,0,0
"466","yjaB",0,1,0,0,0,0,0,0,0,0,0,0
"467","nrfE",1,0,0.219512195121951,0.121951219512195,0,0.439024390243903,0.024390243902439,0,0.0975609756097561,0,0.0975609756097561,0
"468","yigI",0,1,0,0,0,0,0,0,0,0,0,0
"469","rseC",1,0,0.416666666666667,0.283333333333333,0.0666666666666667,0,0.0666666666666667,0.0166666666666667,0.0833333333333333,0.0666666666666667,0,0
"470","lpxA",1,0,0.857142857142857,0,0,0,0,0,0.142857142857143,0,0,0
"471","tktB",1,0,0.75,0,0,0,0,0,0.25,0,0,0
"472","flhE",1,0,0.272727272727273,0,0,0.727272727272727,0,0,0,0,0,0
"473","fkpA",0,1,0,0,0,0,0,0,0,0,0,0
"474","nusB",1,0,0.333333333333333,0.666666666666667,0,0,0,0,0,0,0,0
"475","ydbK",1,0,0.5,0,0,0.5,0,0,0,0,0,0
"476","yiiS",1,0,1,0,0,0,0,0,0,0,0,0
"477","yhjG",0,1,0,0,0,0,0,0,0,0,0,0
"478","grxB",0,1,0,0,0,0,0,0,0,0,0,0
"479","yacL",1,0,0,1,0,0,0,0,0,0,0,0
"480","ycjD",0,1,0,0,0,0,0,0,0,0,0,0
"481","poxB",1,0,0.655172413793103,0,0,0.206896551724138,0,0,0.137931034482759,0,0,0
"482","aldB",1,0,0.25,0.5,0,0,0,0,0,0.25,0,0
"483","pepN",0,1,0,0,0,0,0,0,0,0,0,0
"484","ybhC",0,1,0,0,0,0,0,0,0,0,0,0
"485","arcA",0,1,0,0,0,0,0,0,0,0,0,0
"486","ygdR",0,1,0,0,0,0,0,0,0,0,0,0
"487","ybjX",0,1,0,0,0,0,0,0,0,0,0,0
"488","flgH",1,0,0.272727272727273,0,0,0.727272727272727,0,0,0,0,0,0
"489","infC",0,1,0,0,0,0,0,0,0,0,0,0
"490","nadD",0,1,0,0,0,0,0,0,0,0,0,0
"491","mscL",0,1,0,0,0,0,0,0,0,0,0,0
"492","ycaQ",0,1,0,0,0,0,0,0,0,0,0,0
"493","agp",0,1,0,0,0,0,0,0,0,0,0,0
"494","pqiA",1,0,0.428571428571429,0,0,0.285714285714286,0,0,0.285714285714286,0,0,0
"495","fadH",1,0,0.0909090909090909,0.545454545454546,0.272727272727273,0,0,0,0.0909090909090909,0,0,0
"496","ybeM",0,1,0,0,0,0,0,0,0,0,0,0
"497","fieF",0,1,0,0,0,0,0,0,0,0,0,0
"498","yjeI",0,1,0,0,0,0,0,0,0,0,0,0
"499","yhfY",0,1,0,0,0,0,0,0,0,0,0,0
"500","ybhF",0,1,0,0,0,0,0,0,0,0,0,0
"501","hdhA",0,1,0,0,0,0,0,0,0,0,0,0
"502","yrdD",0,1,0,0,0,0,0,0,0,0,0,0
"503","ycbZ",0,1,0,0,0,0,0,0,0,0,0,0
"504","mutT",0,1,0,0,0,0,0,0,0,0,0,0
"505","yrdB",0,1,0,0,0,0,0,0,0,0,0,0
"506","yjdP",0,1,0,0,0,0,0,0,0,0,0,0
"507","osmE",1,0,0,0.125,0.125,0,0.1875,0.1875,0.0625,0.1875,0,0.125
"508","pinQ",0,1,0,0,0,0,0,0,0,0,0,0
"509","ddpX",1,0,1,0,0,0,0,0,0,0,0,0
"510","lepA",0,1,0,0,0,0,0,0,0,0,0,0
"511","aroH",0,1,0,0,0,0,0,0,0,0,0,0
"512","yhaL",0,1,0,0,0,0,0,0,0,0,0,0
"513","rof",0,1,0,0,0,0,0,0,0,0,0,0
"514","yfaE",1,0,0.125,0.5,0.125,0.125,0,0,0,0,0.125,0
"515","yqjG",0,1,0,0,0,0,0,0,0,0,0,0
"516","treA",1,0,0,0.5,0,0,0,0,0,0.5,0,0
"517","astE",1,0,0.777777777777778,0,0,0,0,0,0.222222222222222,0,0,0
"518","yheT",0,1,0,0,0,0,0,0,0,0,0,0
"519","flhA",1,0,0.272727272727273,0,0,0.727272727272727,0,0,0,0,0,0
"520","elaB",0,1,0,0,0,0,0,0,0,0,0,0
"521","yqjC",0,1,0,0,0,0,0,0,0,0,0,0
"522","ccmG",1,0,0.242424242424242,0.0909090909090909,0,0.545454545454545,0,0,0.121212121212121,0,0,0
"523","smf",0,1,0,0,0,0,0,0,0,0,0,0
"524","ackA",1,0,0.409090909090909,0.227272727272727,0,0.0454545454545455,0.0454545454545455,0,0,0.181818181818182,0.0909090909090909,0
"525","ybjP",1,0,0,0,0,1,0,0,0,0,0,0
"526","yhaH",0,1,0,0,0,0,0,0,0,0,0,0
"527","nusA",1,0,0,0.5,0.25,0.25,0,0,0,0,0,0
"528","lepB",0,1,0,0,0,0,0,0,0,0,0,0
"529","ygbI",0,1,0,0,0,0,0,0,0,0,0,0
"530","msyB",0,1,0,0,0,0,0,0,0,0,0,0
"531","ndk",0,1,0,0,0,0,0,0,0,0,0,0
"532","hofQ",0,1,0,0,0,0,0,0,0,0,0,0
"533","atpF",0,1,0,0,0,0,0,0,0,0,0,0
"534","rplT",1,0,0,0,1,0,0,0,0,0,0,0
"535","rsmC",0,1,0,0,0,0,0,0,0,0,0,0
"536","selD",0,1,0,0,0,0,0,0,0,0,0,0
"537","nlpI",0,1,0,0,0,0,0,0,0,0,0,0
"538","ychA",0,1,0,0,0,0,0,0,0,0,0,0
"539","ytfK",1,0,0.333333333333333,0.333333333333333,0,0,0.222222222222222,0,0,0.111111111111111,0,0
"540","yhdW",0,1,0,0,0,0,0,0,0,0,0,0
"541","emrB",0,1,0,0,0,0,0,0,0,0,0,0
"542","narI",1,0,0.2,0.25,0,0.15,0.15,0,0.15,0,0.1,0
"543","tatC",0,1,0,0,0,0,0,0,0,0,0,0
"544","otsB",0,1,0,0,0,0,0,0,0,0,0,0
"545","yhbY",0,1,0,0,0,0,0,0,0,0,0,0
"546","ompR",1,0,0,0,0.25,0,0.5,0.25,0,0,0,0
"547","ybjS",0,1,0,0,0,0,0,0,0,0,0,0
"548","nuoK",1,0,0.0344827586206897,0.344827586206897,0.241379310344828,0.0344827586206897,0.137931034482759,0.0689655172413793,0,0.0689655172413793,0,0.0689655172413793
"549","ybiB",0,1,0,0,0,0,0,0,0,0,0,0
"550","yhhA",0,1,0,0,0,0,0,0,0,0,0,0
"551","mcrC",0,1,0,0,0,0,0,0,0,0,0,0
"552","bioC",0,1,0,0,0,0,0,0,0,0,0,0
"553","rpsL",0,1,0,0,0,0,0,0,0,0,0,0
"554","proS",0,1,0,0,0,0,0,0,0,0,0,0
"555","sapB",0,1,0,0,0,0,0,0,0,0,0,0
"556","yfcL",0,1,0,0,0,0,0,0,0,0,0,0
"557","priA",0,1,0,0,0,0,0,0,0,0,0,0
"558","yecE",0,1,0,0,0,0,0,0,0,0,0,0
"559","aidB",1,0,0.2,0.4,0,0,0,0,0.2,0.2,0,0
"560","yadS",1,0,0,0,0,0,0,0,1,0,0,0
"561","nagA",1,0,1,0,0,0,0,0,0,0,0,0
"562","mukE",1,0,0,1,0,0,0,0,0,0,0,0
"563","yfcQ",0,1,0,0,0,0,0,0,0,0,0,0
"564","cysQ",0,1,0,0,0,0,0,0,0,0,0,0
"565","emrA",0,1,0,0,0,0,0,0,0,0,0,0
"566","torT",0,1,0,0,0,0,0,0,0,0,0,0
"567","yfiC",0,1,0,0,0,0,0,0,0,0,0,0
"568","surA",0,1,0,0,0,0,0,0,0,0,0,0
"569","phoQ",1,0,0.416666666666667,0.333333333333333,0,0,0,0,0.25,0,0,0
"570","holA",0,1,0,0,0,0,0,0,0,0,0,0
"571","elaA",0,1,0,0,0,0,0,0,0,0,0,0
"572","livG",0,1,0,0,0,0,0,0,0,0,0,0
"573","tolR",0,1,0,0,0,0,0,0,0,0,0,0
"574","mglC",1,0,0.0166666666666667,0.166666666666667,0.283333333333333,0,0.0833333333333333,0.266666666666667,0.0166666666666667,0.05,0.05,0.0666666666666667
"575","atoS",0,1,0,0,0,0,0,0,0,0,0,0
"576","fkpB",1,0,1,0,0,0,0,0,0,0,0,0
"577","bolA",1,0,0,0.5,0.166666666666667,0,0,0,0.166666666666667,0.166666666666667,0,0
"578","pnp",1,0,0.0769230769230769,0.461538461538462,0.230769230769231,0.230769230769231,0,0,0,0,0,0
"579","sufE",1,0,0.461538461538462,0.307692307692308,0,0.230769230769231,0,0,0,0,0,0
"580","yfgJ",0,1,0,0,0,0,0,0,0,0,0,0
"581","yhcO",0,1,0,0,0,0,0,0,0,0,0,0
"582","prc",0,1,0,0,0,0,0,0,0,0,0,0
"583","dkgA",1,0,0,0,0,0,0.5,0,0.5,0,0,0
"584","narL",0,1,0,0,0,0,0,0,0,0,0,0
"585","pepT",0,1,0,0,0,0,0,0,0,0,0,0
"586","trg",1,0,0.6,0,0,0,0,0,0.4,0,0,0
"587","tatD",0,1,0,0,0,0,0,0,0,0,0,0
"588","fadB",1,0,0,0.333333333333333,0.166666666666667,0.166666666666667,0.333333333333333,0,0,0,0,0
"589","aroC",0,1,0,0,0,0,0,0,0,0,0,0
"590","aroB",0,1,0,0,0,0,0,0,0,0,0,0
"591","holB",0,1,0,0,0,0,0,0,0,0,0,0
"592","nrdB",1,0,0.125,0.5,0.125,0.125,0,0,0,0,0.125,0
"593","secF",0,1,0,0,0,0,0,0,0,0,0,0
"594","ydcJ",0,1,0,0,0,0,0,0,0,0,0,0
"595","ydfK",0,1,0,0,0,0,0,0,0,0,0,0
"596","yeaH",1,0,1,0,0,0,0,0,0,0,0,0
"597","atpC",0,1,0,0,0,0,0,0,0,0,0,0
"598","ygaM",0,1,0,0,0,0,0,0,0,0,0,0
"599","ygiW",0,1,0,0,0,0,0,0,0,0,0,0
"600","bioA",0,1,0,0,0,0,0,0,0,0,0,0
"601","melR",0,1,0,0,0,0,0,0,0,0,0,0
"602","yejO",0,1,0,0,0,0,0,0,0,0,0,0
"603","pta",1,0,1,0,0,0,0,0,0,0,0,0
"604","sodC",0,1,0,0,0,0,0,0,0,0,0,0
"605","cydC",1,0,0.272727272727273,0.545454545454546,0.0909090909090909,0,0,0,0,0,0.0909090909090909,0
"606","ecnB",1,0,0,0.5,0,0,0.5,0,0,0,0,0
"607","yeaO",0,1,0,0,0,0,0,0,0,0,0,0
"608","fabA",1,0,0,0,0,1,0,0,0,0,0,0
"609","ycgB",0,1,0,0,0,0,0,0,0,0,0,0
"610","blc",1,0,0,0,0,0,1,0,0,0,0,0
"611","fadD",1,0,0,0.5,0.25,0,0.25,0,0,0,0,0
"612","yfcG",0,1,0,0,0,0,0,0,0,0,0,0
"613","recJ",1,0,0.5,0,0,0,0,0,0.5,0,0,0
"614","fbaB",0,1,0,0,0,0,0,0,0,0,0,0
"615","pyrC",1,0,0,0,1,0,0,0,0,0,0,0
"616","ychF",0,1,0,0,0,0,0,0,0,0,0,0
"617","cydD",1,0,0.428571428571429,0.428571428571429,0,0,0,0,0,0,0.142857142857143,0
"618","pdxA",1,0,0.25,0,0,0,0,0,0.75,0,0,0
"619","ybeX",1,0,0,1,0,0,0,0,0,0,0,0
"620","yciI",0,1,0,0,0,0,0,0,0,0,0,0
"621","pyrI",0,1,0,0,0,0,0,0,0,0,0,0
"622","atpA",0,1,0,0,0,0,0,0,0,0,0,0
"623","slmA",0,1,0,0,0,0,0,0,0,0,0,0
"624","flgF",1,0,0.272727272727273,0,0,0.727272727272727,0,0,0,0,0,0
"625","rluD",0,1,0,0,0,0,0,0,0,0,0,0
"626","xylE",1,0,0,0.5,0,0.5,0,0,0,0,0,0
"627","yjdI",0,1,0,0,0,0,0,0,0,0,0,0
"628","ydcI",0,1,0,0,0,0,0,0,0,0,0,0
"629","rihB",0,1,0,0,0,0,0,0,0,0,0,0
"630","ydbL",0,1,0,0,0,0,0,0,0,0,0,0
"631","ldhA",1,0,1,0,0,0,0,0,0,0,0,0
"632","ssuB",1,0,0.25,0.5,0,0,0,0,0,0.25,0,0
"633","flgD",1,0,0.272727272727273,0,0,0.727272727272727,0,0,0,0,0,0
"634","yggF",0,1,0,0,0,0,0,0,0,0,0,0
"635","artM",1,0,0,0.333333333333333,0,0,0,0,0.333333333333333,0,0.333333333333333,0
"636","ytjA",0,1,0,0,0,0,0,0,0,0,0,0
"637","yidE",0,1,0,0,0,0,0,0,0,0,0,0
"638","rbfA",1,0,0,0.5,0.25,0.25,0,0,0,0,0,0
"639","yjfY",0,1,0,0,0,0,0,0,0,0,0,0
"640","adiA",1,0,0.285714285714286,0.285714285714286,0,0.428571428571429,0,0,0,0,0,0
"641","yohJ",0,1,0,0,0,0,0,0,0,0,0,0
"642","nuoH",1,0,0.0344827586206897,0.344827586206897,0.241379310344828,0.0344827586206897,0.137931034482759,0.0689655172413793,0,0.0689655172413793,0,0.0689655172413793
"643","fadL",1,0,0.153846153846154,0.461538461538462,0.179487179487179,0.0256410256410256,0.0512820512820513,0,0.0769230769230769,0.0256410256410256,0,0.0256410256410256
"644","csgC",1,0,0.158536585365854,0.134146341463415,0.0121951219512195,0.378048780487805,0.0731707317073171,0,0.207317073170732,0.024390243902439,0.0121951219512195,0
"645","ynfN",0,1,0,0,0,0,0,0,0,0,0,0
"646","dnaN",1,0,0,0.25,0,0,0.25,0,0.25,0.25,0,0
"647","ymgE",0,1,0,0,0,0,0,0,0,0,0,0
"648","nuoN",1,0,0.024390243902439,0.292682926829268,0.268292682926829,0.024390243902439,0.0975609756097561,0.0975609756097561,0,0.0975609756097561,0,0.0975609756097561
"649","gspF",1,0,0,0,1,0,0,0,0,0,0,0
"650","iclR",0,1,0,0,0,0,0,0,0,0,0,0
"651","flgA",1,0,0.272727272727273,0,0,0.727272727272727,0,0,0,0,0,0
"652","flgM",1,0,0.149253731343284,0.0746268656716418,0.0447761194029851,0.328358208955224,0.149253731343284,0,0,0.0746268656716418,0.17910447761194,0
"653","proV",1,0,0.166666666666667,0.25,0,0.25,0,0,0.25,0.0833333333333333,0,0
"654","proW",1,0,0.166666666666667,0.25,0,0.25,0,0,0.25,0.0833333333333333,0,0
"655","flgC",1,0,0.272727272727273,0,0,0.727272727272727,0,0,0,0,0,0
"656","flhB",1,0,0.272727272727273,0,0,0.727272727272727,0,0,0,0,0,0
"657","flgB",1,0,0.272727272727273,0,0,0.727272727272727,0,0,0,0,0,0
"658","cpxA",1,0,0.166666666666667,0.5,0,0,0,0,0.166666666666667,0,0.166666666666667,0
"659","fdhD",0,1,0,0,0,0,0,0,0,0,0,0
"660","flgN",1,0,0.166666666666667,0.0833333333333333,0,0.366666666666667,0.166666666666667,0,0,0.0833333333333333,0.133333333333333,0
"661","yecR",1,0,0.266666666666667,0,0,0.6,0,0,0.133333333333333,0,0,0
"662","ppiA",1,0,0,1,0,0,0,0,0,0,0,0
"663","speA",0,1,0,0,0,0,0,0,0,0,0,0
"664","mutL",1,0,1,0,0,0,0,0,0,0,0,0
"665","csdA",0,1,0,0,0,0,0,0,0,0,0,0
"666","dnaK",0,1,0,0,0,0,0,0,0,0,0,0
"667","ribF",0,1,0,0,0,0,0,0,0,0,0,0
"668","yjdC",0,1,0,0,0,0,0,0,0,0,0,0
"669","flgG",1,0,0.272727272727273,0,0,0.727272727272727,0,0,0,0,0,0
"670","msbA",0,1,0,0,0,0,0,0,0,0,0,0
"671","narX",1,0,0,0,0,0,0,1,0,0,0,0
"672","aspS",0,1,0,0,0,0,0,0,0,0,0,0
"673","gshA",0,1,0,0,0,0,0,0,0,0,0,0
"674","asnS",0,1,0,0,0,0,0,0,0,0,0,0
"675","otsA",0,1,0,0,0,0,0,0,0,0,0,0
"676","ybdG",0,1,0,0,0,0,0,0,0,0,0,0
"677","leuS",0,1,0,0,0,0,0,0,0,0,0,0
"678","rimI",0,1,0,0,0,0,0,0,0,0,0,0
"679","flgE",1,0,0.272727272727273,0,0,0.727272727272727,0,0,0,0,0,0
"680","galF",0,1,0,0,0,0,0,0,0,0,0,0
"681","folC",0,1,0,0,0,0,0,0,0,0,0,0
"682","purU",0,1,0,0,0,0,0,0,0,0,0,0
"683","hscB",0,1,0,0,0,0,0,0,0,0,0,0
"684","hflX",1,0,0.5,0.5,0,0,0,0,0,0,0,0
"685","parC",0,1,0,0,0,0,0,0,0,0,0,0
"686","cof",0,1,0,0,0,0,0,0,0,0,0,0
"687","yciK",0,1,0,0,0,0,0,0,0,0,0,0
"688","ftsN",0,1,0,0,0,0,0,0,0,0,0,0
"689","yciT",1,0,0.5,0,0,0,0,0,0.5,0,0,0
"690","accA",1,0,0,0.5,0,0.5,0,0,0,0,0,0
"691","folD",0,1,0,0,0,0,0,0,0,0,0,0
"692","ispH",1,0,1,0,0,0,0,0,0,0,0,0
"693","rpoD",1,0,0.333333333333333,0.166666666666667,0,0,0,0,0.5,0,0,0
"694","ansP",1,0,0,0,0,0,1,0,0,0,0,0
"695","yhhS",0,1,0,0,0,0,0,0,0,0,0,0
"696","ligA",0,1,0,0,0,0,0,0,0,0,0,0
"697","pepA",0,1,0,0,0,0,0,0,0,0,0,0
"698","ybaL",0,1,0,0,0,0,0,0,0,0,0,0
"699","trkH",0,1,0,0,0,0,0,0,0,0,0,0
"700","sapA",0,1,0,0,0,0,0,0,0,0,0,0
"701","hslR",0,1,0,0,0,0,0,0,0,0,0,0
"702","cysS",0,1,0,0,0,0,0,0,0,0,0,0
"703","topA",1,0,0.333333333333333,0.333333333333333,0,0,0,0,0.166666666666667,0.166666666666667,0,0
"704","ynfC",0,1,0,0,0,0,0,0,0,0,0,0
"705","ybaB",0,1,0,0,0,0,0,0,0,0,0,0
"706","waaQ",0,1,0,0,0,0,0,0,0,0,0,0
"707","avtA",0,1,0,0,0,0,0,0,0,0,0,0
"708","sbcD",0,1,0,0,0,0,0,0,0,0,0,0
"709","glmS",0,1,0,0,0,0,0,0,0,0,0,0
"710","yheS",0,1,0,0,0,0,0,0,0,0,0,0
"711","udk",0,1,0,0,0,0,0,0,0,0,0,0
"712","ycdY",0,1,0,0,0,0,0,0,0,0,0,0
"713","nupC",1,0,0.333333333333333,0.666666666666667,0,0,0,0,0,0,0,0
"714","glyQ",0,1,0,0,0,0,0,0,0,0,0,0
"715","dsbD",0,1,0,0,0,0,0,0,0,0,0,0
"716","hisS",0,1,0,0,0,0,0,0,0,0,0,0
"717","rfbD",0,1,0,0,0,0,0,0,0,0,0,0
"718","rfbB",0,1,0,0,0,0,0,0,0,0,0,0
"719","bcp",0,1,0,0,0,0,0,0,0,0,0,0
"720","pspE",1,0,0.8,0,0,0.2,0,0,0,0,0,0
"721","ybjL",0,1,0,0,0,0,0,0,0,0,0,0
"722","nhaR",1,0,0.166666666666667,0.5,0.0833333333333333,0,0,0,0.0833333333333333,0.0833333333333333,0.0833333333333333,0
"723","ytfJ",1,0,0.5,0.25,0,0,0,0,0,0.25,0,0
"724","mltC",0,1,0,0,0,0,0,0,0,0,0,0
"725","pdhR",1,0,0.6,0.2,0,0,0,0,0.2,0,0,0
"726","dsbG",1,0,1,0,0,0,0,0,0,0,0,0
"727","ypjD",0,1,0,0,0,0,0,0,0,0,0,0
"728","rsuA",0,1,0,0,0,0,0,0,0,0,0,0
"729","ybjN",1,0,0.1,0.5,0.1,0.1,0,0,0.1,0,0,0.1
"730","yajC",0,1,0,0,0,0,0,0,0,0,0,0
"731","pheT",0,1,0,0,0,0,0,0,0,0,0,0
"732","rpmA",1,0,0,1,0,0,0,0,0,0,0,0
"733","hflK",1,0,0.5,0.5,0,0,0,0,0,0,0,0
"734","yccA",0,1,0,0,0,0,0,0,0,0,0,0
"735","waaG",0,1,0,0,0,0,0,0,0,0,0,0
"736","fabF",0,1,0,0,0,0,0,0,0,0,0,0
"737","yhdT",0,1,0,0,0,0,0,0,0,0,0,0
"738","ydbJ",0,1,0,0,0,0,0,0,0,0,0,0
"739","waaA",0,1,0,0,0,0,0,0,0,0,0,0
"740","menE",0,1,0,0,0,0,0,0,0,0,0,0
"741","yobD",0,1,0,0,0,0,0,0,0,0,0,0
"742","creB",1,0,0.5,0.5,0,0,0,0,0,0,0,0
"743","narP",1,0,0,1,0,0,0,0,0,0,0,0
"744","prpD",1,0,0.75,0,0,0,0.25,0,0,0,0,0
"745","yciA",0,1,0,0,0,0,0,0,0,0,0,0
"746","yjiX",0,1,0,0,0,0,0,0,0,0,0,0
"747","clpB",1,0,1,0,0,0,0,0,0,0,0,0
"748","prfA",1,0,0.222222222222222,0.222222222222222,0,0.333333333333333,0,0,0,0,0.222222222222222,0
"749","valS",1,0,1,0,0,0,0,0,0,0,0,0
"750","rho",0,1,0,0,0,0,0,0,0,0,0,0
"751","yibN",1,0,1,0,0,0,0,0,0,0,0,0
"752","recR",0,1,0,0,0,0,0,0,0,0,0,0
"753","dacA",0,1,0,0,0,0,0,0,0,0,0,0
"754","recF",1,0,0,0.25,0,0,0.25,0,0.25,0.25,0,0
"755","evgS",1,0,0.166666666666667,0.5,0,0,0,0,0.166666666666667,0.166666666666667,0,0
"756","ileS",1,0,1,0,0,0,0,0,0,0,0,0
"757","ispG",0,1,0,0,0,0,0,0,0,0,0,0
"758","ygaZ",0,1,0,0,0,0,0,0,0,0,0,0
"759","gyrA",1,0,0.2,0.4,0,0,0.2,0,0.2,0,0,0
"760","yqaA",0,1,0,0,0,0,0,0,0,0,0,0
"761","rfbA",0,1,0,0,0,0,0,0,0,0,0,0
"762","yjjA",0,1,0,0,0,0,0,0,0,0,0,0
"763","blr",0,1,0,0,0,0,0,0,0,0,0,0
"764","katE",1,0,0.2,0.4,0,0,0,0,0.2,0.2,0,0
"765","ibpA",1,0,1,0,0,0,0,0,0,0,0,0
"766","lolB",0,1,0,0,0,0,0,0,0,0,0,0
"767","yggT",0,1,0,0,0,0,0,0,0,0,0,0
"768","ydgK",0,1,0,0,0,0,0,0,0,0,0,0
"769","proP",1,0,0.428571428571429,0,0,0.142857142857143,0,0,0.428571428571429,0,0,0
"770","yccS",0,1,0,0,0,0,0,0,0,0,0,0
"771","sspB",0,1,0,0,0,0,0,0,0,0,0,0
"772","ygiM",1,0,0,1,0,0,0,0,0,0,0,0
"773","proY",0,1,0,0,0,0,0,0,0,0,0,0
"774","atpH",0,1,0,0,0,0,0,0,0,0,0,0
"775","yjeH",0,1,0,0,0,0,0,0,0,0,0,0
"776","ybcI",0,1,0,0,0,0,0,0,0,0,0,0
"777","acrD",1,0,1,0,0,0,0,0,0,0,0,0
"778","holC",0,1,0,0,0,0,0,0,0,0,0,0
"779","yoaE",0,1,0,0,0,0,0,0,0,0,0,0
"780","acpT",0,1,0,0,0,0,0,0,0,0,0,0
"781","dacB",0,1,0,0,0,0,0,0,0,0,0,0
"782","accB",1,0,0,0,0,1,0,0,0,0,0,0
"783","dnaE",0,1,0,0,0,0,0,0,0,0,0,0
"784","rdgC",0,1,0,0,0,0,0,0,0,0,0,0
"785","yehM",0,1,0,0,0,0,0,0,0,0,0,0
"786","usg",0,1,0,0,0,0,0,0,0,0,0,0
"787","xseA",1,0,0,0.333333333333333,0,0,0,0,0,0.333333333333333,0.333333333333333,0
"788","gudD",0,1,0,0,0,0,0,0,0,0,0,0
"789","nrdA",1,0,0.125,0.5,0.125,0.125,0,0,0,0,0.125,0
"790","ygeA",1,0,1,0,0,0,0,0,0,0,0,0
"791","evgA",1,0,0,0.4,0,0,0.2,0,0.2,0.2,0,0
"792","aat",0,1,0,0,0,0,0,0,0,0,0,0
"793","rpsU",1,0,0,0,1,0,0,0,0,0,0,0
"794","yfcO",0,1,0,0,0,0,0,0,0,0,0,0
"795","menF",0,1,0,0,0,0,0,0,0,0,0,0
"796","ispD",0,1,0,0,0,0,0,0,0,0,0,0
"797","hyaA",1,0,0.233333333333333,0.466666666666667,0.1,0.0333333333333333,0.0333333333333333,0,0.0666666666666667,0.0666666666666667,0,0
"798","tdk",0,1,0,0,0,0,0,0,0,0,0,0
"799","aroK",0,1,0,0,0,0,0,0,0,0,0,0
"800","cydA",1,0,0.5,0.5,0,0,0,0,0,0,0,0
"801","aphA",0,1,0,0,0,0,0,0,0,0,0,0
"802","truB",1,0,0,0.5,0.25,0.25,0,0,0,0,0,0
"803","tyrP",1,0,0,0,0.428571428571429,0,0.285714285714286,0.142857142857143,0,0,0,0.142857142857143
"804","coaA",0,1,0,0,0,0,0,0,0,0,0,0
"805","yheO",0,1,0,0,0,0,0,0,0,0,0,0
"806","trxC",0,1,0,0,0,0,0,0,0,0,0,0
"807","purE",0,1,0,0,0,0,0,0,0,0,0,0
"808","hycH",1,0,0.333333333333333,0,0,0.333333333333333,0,0,0.333333333333333,0,0,0
"809","hisH",0,1,0,0,0,0,0,0,0,0,0,0
"810","yaiA",1,0,0,0.5,0.5,0,0,0,0,0,0,0
"811","ibpB",1,0,0.625,0,0,0.125,0,0,0.125,0,0.125,0
"812","dinI",1,0,0,0,1,0,0,0,0,0,0,0
"813","yihF",0,1,0,0,0,0,0,0,0,0,0,0
"814","glpG",0,1,0,0,0,0,0,0,0,0,0,0
"815","ucpA",0,1,0,0,0,0,0,0,0,0,0,0
"816","ygdD",0,1,0,0,0,0,0,0,0,0,0,0
"817","carA",1,0,0.304347826086957,0.521739130434782,0.130434782608696,0.0434782608695652,0,0,0,0,0,0
"818","lipB",1,0,1,0,0,0,0,0,0,0,0,0
"819","fhuA",0,1,0,0,0,0,0,0,0,0,0,0
"820","artQ",1,0,0,0.333333333333333,0,0,0,0,0.333333333333333,0,0.333333333333333,0
"821","yqgF",0,1,0,0,0,0,0,0,0,0,0,0
"822","sbmC",1,0,0,1,0,0,0,0,0,0,0,0
"823","flgL",0,1,0,0,0,0,0,0,0,0,0,0
"824","yfaA",0,1,0,0,0,0,0,0,0,0,0,0
"825","hisA",0,1,0,0,0,0,0,0,0,0,0,0
"826","mreB",0,1,0,0,0,0,0,0,0,0,0,0
"827","yghW",0,1,0,0,0,0,0,0,0,0,0,0
"828","atpG",0,1,0,0,0,0,0,0,0,0,0,0
"829","ygbA",0,1,0,0,0,0,0,0,0,0,0,0
"830","rnhB",0,1,0,0,0,0,0,0,0,0,0,0
"831","waaC",1,0,0.5,0,0,0,0,0,0.5,0,0,0
"832","infB",1,0,0,0.5,0.25,0.25,0,0,0,0,0,0
"833","yceJ",1,0,1,0,0,0,0,0,0,0,0,0
"834","yigL",0,1,0,0,0,0,0,0,0,0,0,0
"835","frwC",0,1,0,0,0,0,0,0,0,0,0,0
"836","dgoK",1,0,0,1,0,0,0,0,0,0,0,0
"837","oppB",1,0,0,0.333333333333333,0.5,0,0.0833333333333333,0,0,0.0833333333333333,0,0
"838","dgoA",1,0,0,1,0,0,0,0,0,0,0,0
"839","ybgS",0,1,0,0,0,0,0,0,0,0,0,0
"840","hcaB",0,1,0,0,0,0,0,0,0,0,0,0
"841","recX",0,1,0,0,0,0,0,0,0,0,0,0
"842","nac",1,0,0.3,0.6,0.1,0,0,0,0,0,0,0
"843","metR",1,0,0,0.5,0,0,0,0.5,0,0,0,0
"844","ygdQ",0,1,0,0,0,0,0,0,0,0,0,0
"845","yigB",0,1,0,0,0,0,0,0,0,0,0,0
"846","appY",1,0,0.125,0.375,0,0,0.125,0,0.125,0.125,0.125,0
"847","bioF",0,1,0,0,0,0,0,0,0,0,0,0
"848","mtr",1,0,0.0526315789473684,0.210526315789474,0.421052631578947,0,0.105263157894737,0.105263157894737,0,0,0,0.105263157894737
"849","yaeF",0,1,0,0,0,0,0,0,0,0,0,0
"850","slt",1,0,1,0,0,0,0,0,0,0,0,0
"851","bcsC",0,1,0,0,0,0,0,0,0,0,0,0
"852","yegS",0,1,0,0,0,0,0,0,0,0,0,0
"853","yigZ",0,1,0,0,0,0,0,0,0,0,0,0
"854","exuR",1,0,0,0.5,0.5,0,0,0,0,0,0,0
"855","yicH",0,1,0,0,0,0,0,0,0,0,0,0
"856","fxsA",0,1,0,0,0,0,0,0,0,0,0,0
"857","yciU",0,1,0,0,0,0,0,0,0,0,0,0
"858","acnA",1,0,0.269230769230769,0.307692307692308,0.0384615384615385,0.0769230769230769,0.115384615384615,0,0.192307692307692,0,0,0
"859","lexA",0,1,0,0,0,0,0,0,0,0,0,0
"860","yfaS",0,1,0,0,0,0,0,0,0,0,0,0
"861","yaaX",0,1,0,0,0,0,0,0,0,0,0,0
"862","hslV",0,1,0,0,0,0,0,0,0,0,0,0
"863","talA",1,0,0.75,0,0,0,0,0,0.25,0,0,0
"864","galU",0,1,0,0,0,0,0,0,0,0,0,0
"865","asnC",0,1,0,0,0,0,0,0,0,0,0,0
"866","ynfB",1,0,0,0.2,0,0.2,0.4,0,0,0,0.2,0
"867","trpE",1,0,0,0.666666666666667,0.333333333333333,0,0,0,0,0,0,0
"868","pfkB",1,0,0,0.4,0.2,0.2,0,0,0,0,0.2,0
"869","fbp",0,1,0,0,0,0,0,0,0,0,0,0
"870","bfr",1,0,0,0,0,0,1,0,0,0,0,0
"871","ugpA",0,1,0,0,0,0,0,0,0,0,0,0
"872","ascG",0,1,0,0,0,0,0,0,0,0,0,0
"873","ybaY",0,1,0,0,0,0,0,0,0,0,0,0
"874","sgcX",0,1,0,0,0,0,0,0,0,0,0,0
"875","cadC",1,0,0.0769230769230769,0.461538461538462,0.230769230769231,0,0,0.0769230769230769,0,0.153846153846154,0,0
"876","ydhK",0,1,0,0,0,0,0,0,0,0,0,0
"877","yliI",0,1,0,0,0,0,0,0,0,0,0,0
"878","yeaG",1,0,1,0,0,0,0,0,0,0,0,0
"879","ybaQ",0,1,0,0,0,0,0,0,0,0,0,0
"880","chaB",0,1,0,0,0,0,0,0,0,0,0,0
"881","dcrB",0,1,0,0,0,0,0,0,0,0,0,0
"882","sapF",0,1,0,0,0,0,0,0,0,0,0,0
"883","ypfJ",0,1,0,0,0,0,0,0,0,0,0,0
"884","pyrB",0,1,0,0,0,0,0,0,0,0,0,0
"885","ycaN",0,1,0,0,0,0,0,0,0,0,0,0
"886","yggE",0,1,0,0,0,0,0,0,0,0,0,0
"887","yjjV",0,1,0,0,0,0,0,0,0,0,0,0
"888","yohC",0,1,0,0,0,0,0,0,0,0,0,0
"889","yqaE",1,0,0,1,0,0,0,0,0,0,0,0
"890","yaeR",0,1,0,0,0,0,0,0,0,0,0,0
"891","ygdI",0,1,0,0,0,0,0,0,0,0,0,0
"892","yjbJ",1,0,0,0,0.333333333333333,0,0,0.333333333333333,0,0,0,0.333333333333333
"893","ssuC",1,0,0.25,0.5,0,0,0,0,0,0.25,0,0
"894","ssuD",1,0,0.25,0.5,0,0,0,0,0,0.25,0,0
"895","ssuA",1,0,0.25,0.5,0,0,0,0,0,0.25,0,0
"896","narK",1,0,0.19047619047619,0.238095238095238,0,0.142857142857143,0.238095238095238,0,0.0952380952380952,0,0.0952380952380952,0
"897","pstS",1,0,0.368421052631579,0,0,0.263157894736842,0.105263157894737,0,0.263157894736842,0,0,0
"898","ssuE",1,0,0.125,0.5,0,0,0.125,0,0,0.125,0,0.125
"899","degP",1,0,0.5,0.5,0,0,0,0,0,0,0,0
"900","ydeM",1,0,0,0,0.75,0,0,0,0,0,0,0.25
"901","metB",1,0,1,0,0,0,0,0,0,0,0,0
"902","mazG",1,0,0,0.222222222222222,0.555555555555556,0,0,0.222222222222222,0,0,0,0
"903","yfiR",0,1,0,0,0,0,0,0,0,0,0,0
"904","pstC",1,0,0.368421052631579,0,0,0.263157894736842,0.105263157894737,0,0.263157894736842,0,0,0
"905","rpmI",1,0,0,0,0.5,0,0.5,0,0,0,0,0
"906","nuoM",1,0,0.0344827586206897,0.344827586206897,0.241379310344828,0.0344827586206897,0.137931034482759,0.0689655172413793,0,0.0689655172413793,0,0.0689655172413793
"907","pbpG",0,1,0,0,0,0,0,0,0,0,0,0
"908","metN",0,1,0,0,0,0,0,0,0,0,0,0
"909","ygjK",0,1,0,0,0,0,0,0,0,0,0,0
"910","ompT",1,0,0,0,0.5,0.5,0,0,0,0,0,0
"911","nuoJ",1,0,0.0344827586206897,0.344827586206897,0.241379310344828,0.0344827586206897,0.137931034482759,0.0689655172413793,0,0.0689655172413793,0,0.0689655172413793
"912","cysI",1,0,0.4,0,0,0.6,0,0,0,0,0,0
"913","holE",0,1,0,0,0,0,0,0,0,0,0,0
"914","dppC",1,0,0.1,0.2,0.1,0.3,0,0,0,0,0.2,0.1
"915","dmsC",1,0,0,0.263157894736842,0.210526315789474,0,0.157894736842105,0.157894736842105,0,0.105263157894737,0,0.105263157894737
"916","dppF",1,0,0.1,0.2,0.1,0.3,0,0,0,0,0.2,0.1
"917","yhhQ",0,1,0,0,0,0,0,0,0,0,0,0
"918","thiG",0,1,0,0,0,0,0,0,0,0,0,0
"919","thiF",0,1,0,0,0,0,0,0,0,0,0,0
"920","thiH",0,1,0,0,0,0,0,0,0,0,0,0
"921","thiE",0,1,0,0,0,0,0,0,0,0,0,0
"922","cpxP",1,0,0,1,0,0,0,0,0,0,0,0
"923","thiC",1,0,0,0,1,0,0,0,0,0,0,0
"924","thiS",0,1,0,0,0,0,0,0,0,0,0,0
"925","sohB",1,0,0,0.5,0,0,0,0,0.5,0,0,0
"926","rnt",0,1,0,0,0,0,0,0,0,0,0,0
"927","glcD",1,0,0.142857142857143,0.5,0.0714285714285714,0.214285714285714,0.0714285714285714,0,0,0,0,0
"928","bioD",0,1,0,0,0,0,0,0,0,0,0,0
"929","ybhB",0,1,0,0,0,0,0,0,0,0,0,0
"930","yneJ",0,1,0,0,0,0,0,0,0,0,0,0
"931","modB",1,0,1,0,0,0,0,0,0,0,0,0
"932","mltD",0,1,0,0,0,0,0,0,0,0,0,0
"933","ydiH",0,1,0,0,0,0,0,0,0,0,0,0
"934","gnsB",0,1,0,0,0,0,0,0,0,0,0,0
"935","ygaH",0,1,0,0,0,0,0,0,0,0,0,0
"936","accC",1,0,0,0.5,0,0.5,0,0,0,0,0,0
"937","ycaP",0,1,0,0,0,0,0,0,0,0,0,0
"938","ycaD",0,1,0,0,0,0,0,0,0,0,0,0
"939","glcE",1,0,0.142857142857143,0.5,0.0714285714285714,0.214285714285714,0.0714285714285714,0,0,0,0,0
"940","yegP",0,1,0,0,0,0,0,0,0,0,0,0
"941","potH",1,0,1,0,0,0,0,0,0,0,0,0
"942","ubiX",0,1,0,0,0,0,0,0,0,0,0,0
"943","allB",0,1,0,0,0,0,0,0,0,0,0,0
"944","bioB",0,1,0,0,0,0,0,0,0,0,0,0
"945","osmB",1,0,0.333333333333333,0,0,0.333333333333333,0,0,0.333333333333333,0,0,0
"946","kch",0,1,0,0,0,0,0,0,0,0,0,0
"947","aceK",1,0,0.25,0.25,0.125,0.375,0,0,0,0,0,0
"948","cspE",1,0,0,0.25,0.25,0,0.25,0.25,0,0,0,0
"949","caiA",1,0,0.333333333333333,0.444444444444445,0.0555555555555556,0,0.0555555555555556,0,0,0.0555555555555556,0.0555555555555556,0
"950","yegZ",0,1,0,0,0,0,0,0,0,0,0,0
"951","tadA",0,1,0,0,0,0,0,0,0,0,0,0
"952","amiA",1,0,0,0,0.25,0,0.5,0.25,0,0,0,0
"953","carB",1,0,0.235294117647059,0.529411764705882,0.176470588235294,0.0588235294117647,0,0,0,0,0,0
"954","ampG",0,1,0,0,0,0,0,0,0,0,0,0
"955","cysB",1,0,0.5,0,0,0,0.5,0,0,0,0,0
"956","uxaB",1,0,0,1,0,0,0,0,0,0,0,0
"957","cysP",1,0,0,1,0,0,0,0,0,0,0,0
"958","phoB",0,1,0,0,0,0,0,0,0,0,0,0
"959","ykiA",0,1,0,0,0,0,0,0,0,0,0,0
"960","pstA",1,0,0.411764705882353,0,0,0.294117647058824,0,0,0.294117647058824,0,0,0
"961","yfeR",0,1,0,0,0,0,0,0,0,0,0,0
"962","araH",1,0,0.6,0,0,0,0,0,0.4,0,0,0
"963","asnA",1,0,0.25,0.5,0,0.25,0,0,0,0,0,0
"964","yahK",0,1,0,0,0,0,0,0,0,0,0,0
"965","ybiO",0,1,0,0,0,0,0,0,0,0,0,0
"966","yohF",0,1,0,0,0,0,0,0,0,0,0,0
"967","ydeI",0,1,0,0,0,0,0,0,0,0,0,0
"968","pphA",1,0,1,0,0,0,0,0,0,0,0,0
"969","gcl",0,1,0,0,0,0,0,0,0,0,0,0
"970","yghA",0,1,0,0,0,0,0,0,0,0,0,0
"971","ydfE",0,1,0,0,0,0,0,0,0,0,0,0
"972","ldcC",0,1,0,0,0,0,0,0,0,0,0,0
"973","ydeJ",0,1,0,0,0,0,0,0,0,0,0,0
"974","yrbL",1,0,0.25,0,0,0.75,0,0,0,0,0,0
"975","dsdX",1,0,1,0,0,0,0,0,0,0,0,0
"976","asnB",1,0,0.285714285714286,0.428571428571429,0,0.285714285714286,0,0,0,0,0,0
"977","ssnA",1,0,1,0,0,0,0,0,0,0,0,0
"978","yciF",1,0,0,0.666666666666667,0,0,0,0,0,0.333333333333333,0,0
"979","dppD",1,0,0.1,0.2,0.1,0.3,0,0,0,0,0.2,0.1
"980","srlD",1,0,0.333333333333333,0.555555555555556,0,0,0,0,0.111111111111111,0,0,0
"981","bglB",1,0,0.230769230769231,0.307692307692308,0.102564102564103,0.205128205128205,0.102564102564103,0,0,0,0.0512820512820513,0
"982","ygiV",0,1,0,0,0,0,0,0,0,0,0,0
"983","yciE",1,0,0,0.5,0,0,0,0,0.25,0.25,0,0
"984","yhjD",0,1,0,0,0,0,0,0,0,0,0,0
"985","ybhP",0,1,0,0,0,0,0,0,0,0,0,0
"986","yncG",0,1,0,0,0,0,0,0,0,0,0,0
"987","ybcM",0,1,0,0,0,0,0,0,0,0,0,0
"988","yqjK",0,1,0,0,0,0,0,0,0,0,0,0
"989","gntP",1,0,0,0.5,0.5,0,0,0,0,0,0,0
"990","artJ",0,1,0,0,0,0,0,0,0,0,0,0
"991","yqcA",0,1,0,0,0,0,0,0,0,0,0,0
"992","yibJ",0,1,0,0,0,0,0,0,0,0,0,0
"993","frmB",0,1,0,0,0,0,0,0,0,0,0,0
"994","uxuA",1,0,0,0.333333333333333,0.444444444444444,0,0,0,0,0,0,0.222222222222222
"995","dinJ",1,0,0,0,0.333333333333333,0,0.666666666666667,0,0,0,0,0
"996","argD",1,0,0,1,0,0,0,0,0,0,0,0
"997","lpxC",1,0,0,0,1,0,0,0,0,0,0,0
"998","ydjF",0,1,0,0,0,0,0,0,0,0,0,0
"999","spy",1,0,1,0,0,0,0,0,0,0,0,0
"1000","relA",1,0,0.428571428571428,0.357142857142857,0.107142857142857,0.0357142857142857,0,0,0.0714285714285714,0,0,0
"1001","dksA",0,1,0,0,0,0,0,0,0,0,0,0
"1002","hisJ",1,0,0.625,0.375,0,0,0,0,0,0,0,0
"1003","uidA",1,0,0,0.666666666666667,0.333333333333333,0,0,0,0,0,0,0
"1004","ompA",1,0,0,1,0,0,0,0,0,0,0,0
"1005","ydgC",0,1,0,0,0,0,0,0,0,0,0,0
"1006","pcm",0,1,0,0,0,0,0,0,0,0,0,0
"1007","ymgD",0,1,0,0,0,0,0,0,0,0,0,0
"1008","hcp",1,0,0.875,0,0,0,0,0,0.125,0,0,0
"1009","argR",0,1,0,0,0,0,0,0,0,0,0,0
"1010","ychN",0,1,0,0,0,0,0,0,0,0,0,0
"1011","ytfE",1,0,0,1,0,0,0,0,0,0,0,0
"1012","caiF",1,0,0.111111111111111,0.444444444444444,0.111111111111111,0,0.111111111111111,0.111111111111111,0,0,0.111111111111111,0
"1013","idi",0,1,0,0,0,0,0,0,0,0,0,0
"1014","narQ",0,1,0,0,0,0,0,0,0,0,0,0
"1015","yibA",0,1,0,0,0,0,0,0,0,0,0,0
"1016","narY",0,1,0,0,0,0,0,0,0,0,0,0
"1017","yagU",0,1,0,0,0,0,0,0,0,0,0,0
"1018","yahB",0,1,0,0,0,0,0,0,0,0,0,0
"1019","mtlA",1,0,0,0.666666666666667,0,0,0.333333333333333,0,0,0,0,0
"1020","dsbB",0,1,0,0,0,0,0,0,0,0,0,0
"1021","ygjR",0,1,0,0,0,0,0,0,0,0,0,0
"1022","yfjD",0,1,0,0,0,0,0,0,0,0,0,0
"1023","dgkA",0,1,0,0,0,0,0,0,0,0,0,0
"1024","grxA",0,1,0,0,0,0,0,0,0,0,0,0
"1025","ybjQ",0,1,0,0,0,0,0,0,0,0,0,0
"1026","dctA",1,0,0.333333333333333,0.666666666666667,0,0,0,0,0,0,0,0
"1027","soxR",1,0,0,0,1,0,0,0,0,0,0,0
"1028","hha",1,0,0,1,0,0,0,0,0,0,0,0
"1029","murG",1,0,0,0,1,0,0,0,0,0,0,0
"1030","ftsX",0,1,0,0,0,0,0,0,0,0,0,0
"1031","glyS",0,1,0,0,0,0,0,0,0,0,0,0
"1032","yddM",0,1,0,0,0,0,0,0,0,0,0,0
"1033","def",0,1,0,0,0,0,0,0,0,0,0,0
"1034","ydcH",0,1,0,0,0,0,0,0,0,0,0,0
"1035","deoD",1,0,0,0.5,0,0.5,0,0,0,0,0,0
"1036","yhfG",0,1,0,0,0,0,0,0,0,0,0,0
"1037","xylA",1,0,0,0.666666666666667,0,0.333333333333333,0,0,0,0,0,0
"1038","nanT",1,0,0,0.5,0.25,0,0.25,0,0,0,0,0
"1039","sbp",0,1,0,0,0,0,0,0,0,0,0,0
"1040","ytfH",0,1,0,0,0,0,0,0,0,0,0,0
"1041","sixA",1,0,0,0,0,0,0,0,1,0,0,0
"1042","yeiQ",0,1,0,0,0,0,0,0,0,0,0,0
"1043","mgtA",1,0,1,0,0,0,0,0,0,0,0,0
"1044","mglA",1,0,0.0153846153846154,0.153846153846154,0.292307692307692,0,0.0923076923076923,0.276923076923077,0.0153846153846154,0.0461538461538462,0.0461538461538462,0.0615384615384615
"1045","glcB",1,0,0.142857142857143,0.5,0.0714285714285714,0.214285714285714,0.0714285714285714,0,0,0,0,0
"1046","ugpQ",0,1,0,0,0,0,0,0,0,0,0,0
"1047","aceA",1,0,0.25,0.25,0.125,0.375,0,0,0,0,0,0
"1048","ydcT",1,0,0,0,0,1,0,0,0,0,0,0
"1049","rpoN",1,0,0,0.5,0,0,0,0,0.5,0,0,0
"1050","arcB",0,1,0,0,0,0,0,0,0,0,0,0
"1051","dppB",1,0,0.153846153846154,0.307692307692308,0.0769230769230769,0.230769230769231,0,0,0,0,0.153846153846154,0.0769230769230769
"1052","aceB",1,0,0.25,0.333333333333333,0.0833333333333333,0.333333333333333,0,0,0,0,0,0
"1053","malG",1,0,0.578947368421053,0.315789473684211,0,0.0526315789473684,0,0,0.0526315789473684,0,0,0
"1054","ugd",0,1,0,0,0,0,0,0,0,0,0,0
"1055","ygiB",1,0,0.428571428571429,0,0,0.285714285714286,0,0,0.285714285714286,0,0,0
"1056","dnaX",0,1,0,0,0,0,0,0,0,0,0,0
"1057","ftsI",1,0,0,0,1,0,0,0,0,0,0,0
"1058","ilvB",1,0,0,1,0,0,0,0,0,0,0,0
"1059","iscS",1,0,0,0,1,0,0,0,0,0,0,0
"1060","dppA",1,0,0.142857142857143,0.285714285714286,0.0714285714285714,0.214285714285714,0,0.0714285714285714,0,0,0.142857142857143,0.0714285714285714
"1061","glgP",1,0,0.285714285714286,0.428571428571429,0,0,0,0,0.142857142857143,0,0.142857142857143,0
"1062","yfbV",0,1,0,0,0,0,0,0,0,0,0,0
"1063","yfeY",0,1,0,0,0,0,0,0,0,0,0,0
"1064","ygiN",0,1,0,0,0,0,0,0,0,0,0,0
"1065","yibH",0,1,0,0,0,0,0,0,0,0,0,0
"1066","trxB",0,1,0,0,0,0,0,0,0,0,0,0
"1067","ypdC",0,1,0,0,0,0,0,0,0,0,0,0
"1068","araG",1,0,0.6,0,0,0,0,0,0.4,0,0,0
"1069","nanA",1,0,0,0.5,0,0,0.5,0,0,0,0,0
"1070","yggN",0,1,0,0,0,0,0,0,0,0,0,0
"1071","rpoE",1,0,0.277777777777778,0.351851851851852,0.166666666666667,0,0.037037037037037,0.0185185185185185,0.0555555555555556,0.037037037037037,0.0185185185185185,0.037037037037037
"1072","htpG",1,0,0.5,0.25,0,0,0,0,0,0,0.25,0
"1073","yciW",0,1,0,0,0,0,0,0,0,0,0,0
"1074","csiE",1,0,0.5,0,0,0,0.125,0,0.375,0,0,0
"1075","yeeY",0,1,0,0,0,0,0,0,0,0,0,0
"1076","nagE",0,1,0,0,0,0,0,0,0,0,0,0
"1077","yfcH",0,1,0,0,0,0,0,0,0,0,0,0
"1078","rob",1,0,0,0.5,0.25,0,0,0.25,0,0,0,0
"1079","pflA",0,1,0,0,0,0,0,0,0,0,0,0
"1080","yaiO",0,1,0,0,0,0,0,0,0,0,0,0
"1081","yeeZ",0,1,0,0,0,0,0,0,0,0,0,0
"1082","gltS",0,1,0,0,0,0,0,0,0,0,0,0
"1083","nlpC",0,1,0,0,0,0,0,0,0,0,0,0
"1084","ytfB",0,1,0,0,0,0,0,0,0,0,0,0
"1085","xylB",1,0,0,0.666666666666667,0,0.333333333333333,0,0,0,0,0,0
"1086","fic",0,1,0,0,0,0,0,0,0,0,0,0
"1087","ybhL",0,1,0,0,0,0,0,0,0,0,0,0
"1088","hns",1,0,0.3,0.3,0,0.1,0,0,0.1,0,0.2,0
"1089","fumA",1,0,0.0909090909090909,0.545454545454546,0.272727272727273,0,0,0.0909090909090909,0,0,0,0
"1090","yihI",0,1,0,0,0,0,0,0,0,0,0,0
"1091","rhaD",1,0,1,0,0,0,0,0,0,0,0,0
"1092","yhjB",0,1,0,0,0,0,0,0,0,0,0,0
"1093","tatE",0,1,0,0,0,0,0,0,0,0,0,0
"1094","ybiI",1,0,0.5,0,0,0,0,0,0.5,0,0,0
"1095","yniB",0,1,0,0,0,0,0,0,0,0,0,0
"1096","ydgD",0,1,0,0,0,0,0,0,0,0,0,0
"1097","yqiB",0,1,0,0,0,0,0,0,0,0,0,0
"1098","mtlD",1,0,0,0.666666666666667,0,0,0.333333333333333,0,0,0,0,0
"1099","ubiF",0,1,0,0,0,0,0,0,0,0,0,0
"1100","hycI",1,0,0.333333333333333,0,0,0.333333333333333,0,0,0.333333333333333,0,0,0
"1101","folA",1,0,0.5,0,0,0.5,0,0,0,0,0,0
"1102","folX",0,1,0,0,0,0,0,0,0,0,0,0
"1103","psiF",0,1,0,0,0,0,0,0,0,0,0,0
"1104","yhhT",0,1,0,0,0,0,0,0,0,0,0,0
"1105","ybdK",0,1,0,0,0,0,0,0,0,0,0,0
"1106","kdpE",0,1,0,0,0,0,0,0,0,0,0,0
"1107","rhsA",0,1,0,0,0,0,0,0,0,0,0,0
"1108","fabB",1,0,0,0,0,1,0,0,0,0,0,0
"1109","fur",1,0,0.5,0.5,0,0,0,0,0,0,0,0
"1110","ycgN",0,1,0,0,0,0,0,0,0,0,0,0
"1111","yiiM",0,1,0,0,0,0,0,0,0,0,0,0
"1112","leuL",1,0,0.333333333333333,0,0,0.666666666666667,0,0,0,0,0,0
"1113","ydiO",0,1,0,0,0,0,0,0,0,0,0,0
"1114","cpdA",0,1,0,0,0,0,0,0,0,0,0,0
"1115","yiiR",0,1,0,0,0,0,0,0,0,0,0,0
"1116","ivbL",1,0,0,1,0,0,0,0,0,0,0,0
"1117","yeeO",0,1,0,0,0,0,0,0,0,0,0,0
"1118","ygbK",1,0,0.3125,0,0,0.6875,0,0,0,0,0,0
"1119","ybeZ",0,1,0,0,0,0,0,0,0,0,0,0
"1120","ribC",0,1,0,0,0,0,0,0,0,0,0,0
"1121","ribB",0,1,0,0,0,0,0,0,0,0,0,0
"1122","ytfQ",0,1,0,0,0,0,0,0,0,0,0,0
"1123","araB",0,1,0,0,0,0,0,0,0,0,0,0
"1124","yghB",0,1,0,0,0,0,0,0,0,0,0,0
"1125","yifL",0,1,0,0,0,0,0,0,0,0,0,0
"1126","garK",1,0,0,0.666666666666667,0.333333333333333,0,0,0,0,0,0,0
"1127","yqgA",0,1,0,0,0,0,0,0,0,0,0,0
"1128","map",1,0,0.25,0.25,0,0.375,0,0,0.125,0,0,0
"1129","yfgI",0,1,0,0,0,0,0,0,0,0,0,0
"1130","ftsL",1,0,0,0,1,0,0,0,0,0,0,0
"1131","rbsA",1,0,0,0.5,0.25,0,0,0,0,0,0.25,0
"1132","yejA",0,1,0,0,0,0,0,0,0,0,0,0
"1133","fnr",1,0,0.142857142857143,0.285714285714286,0.142857142857143,0.428571428571429,0,0,0,0,0,0
"1134","talB",0,1,0,0,0,0,0,0,0,0,0,0
"1135","ubiA",1,0,0,0.210526315789474,0.368421052631579,0,0.157894736842105,0.157894736842105,0,0,0,0.105263157894737
"1136","ydcA",0,1,0,0,0,0,0,0,0,0,0,0
"1137","ydcK",0,1,0,0,0,0,0,0,0,0,0,0
"1138","lldR",0,1,0,0,0,0,0,0,0,0,0,0
"1139","lrhA",0,1,0,0,0,0,0,0,0,0,0,0
"1140","rhsB",0,1,0,0,0,0,0,0,0,0,0,0
"1141","thrL",1,0,0,1,0,0,0,0,0,0,0,0
"1142","treF",0,1,0,0,0,0,0,0,0,0,0,0
"1143","yjgA",0,1,0,0,0,0,0,0,0,0,0,0
"1144","yfhM",0,1,0,0,0,0,0,0,0,0,0,0
"1145","mioC",1,0,0,0,1,0,0,0,0,0,0,0
"1146","rpmE",0,1,0,0,0,0,0,0,0,0,0,0
"1147","lpp",0,1,0,0,0,0,0,0,0,0,0,0
"1148","araC",1,0,0,0,0,0,1,0,0,0,0,0
"1149","ubiG",0,1,0,0,0,0,0,0,0,0,0,0
"1150","yiaF",0,1,0,0,0,0,0,0,0,0,0,0
"1151","slyA",0,1,0,0,0,0,0,0,0,0,0,0
"1152","yfdE",0,1,0,0,0,0,0,0,0,0,0,0
"1153","rseA",1,0,0.438356164383562,0.26027397260274,0.0547945205479452,0.0136986301369863,0.0821917808219178,0.0136986301369863,0.0821917808219178,0.0547945205479452,0,0
"1154","ycgI",0,1,0,0,0,0,0,0,0,0,0,0
"1155","galR",0,1,0,0,0,0,0,0,0,0,0,0
"1156","glcF",1,0,0.142857142857143,0.5,0.0714285714285714,0.214285714285714,0.0714285714285714,0,0,0,0,0
"1157","ycbJ",0,1,0,0,0,0,0,0,0,0,0,0
"1158","ytfR",0,1,0,0,0,0,0,0,0,0,0,0
"1159","gor",1,0,0.25,0,0,0,0.25,0,0.5,0,0,0
"1160","ygjH",0,1,0,0,0,0,0,0,0,0,0,0
"1161","clpP",1,0,1,0,0,0,0,0,0,0,0,0
"1162","yeaY",0,1,0,0,0,0,0,0,0,0,0,0
"1163","yoaC",1,0,1,0,0,0,0,0,0,0,0,0
"1164","yibI",0,1,0,0,0,0,0,0,0,0,0,0
"1165","nagB",0,1,0,0,0,0,0,0,0,0,0,0
"1166","yjgM",0,1,0,0,0,0,0,0,0,0,0,0
"1167","yafQ",1,0,0,0,0.333333333333333,0,0.666666666666667,0,0,0,0,0
"1168","rna",0,1,0,0,0,0,0,0,0,0,0,0
"1169","yebE",0,1,0,0,0,0,0,0,0,0,0,0
"1170","cmtA",0,1,0,0,0,0,0,0,0,0,0,0
"1171","yjiJ",0,1,0,0,0,0,0,0,0,0,0,0
"1172","clpX",1,0,0.5,0,0,0,0,0,0.5,0,0,0
"1173","lldP",1,0,0,0,0.75,0,0,0,0,0,0,0.25
"1174","kdpD",0,1,0,0,0,0,0,0,0,0,0,0
"1175","ycaL",0,1,0,0,0,0,0,0,0,0,0,0
"1176","helD",0,1,0,0,0,0,0,0,0,0,0,0
"1177","yaiT",0,1,0,0,0,0,0,0,0,0,0,0
"1178","rtcB",1,0,0.666666666666667,0,0,0.333333333333333,0,0,0,0,0,0
"1179","srlA",1,0,0.1875,0.5,0.0625,0,0,0.0625,0.0625,0.0625,0,0.0625
"1180","setA",1,0,0.5,0.125,0,0,0,0,0.375,0,0,0
"1181","uidC",1,0,0,0.666666666666667,0.333333333333333,0,0,0,0,0,0,0
"1182","psd",1,0,0,1,0,0,0,0,0,0,0,0
"1183","uidB",1,0,0,0.666666666666667,0.333333333333333,0,0,0,0,0,0,0
"1184","yqhC",0,1,0,0,0,0,0,0,0,0,0,0
"1185","yraJ",0,1,0,0,0,0,0,0,0,0,0,0
"1186","hemL",1,0,0,1,0,0,0,0,0,0,0,0
"1187","yecH",0,1,0,0,0,0,0,0,0,0,0,0
"1188","eutB",0,1,0,0,0,0,0,0,0,0,0,0
"1189","ycaI",0,1,0,0,0,0,0,0,0,0,0,0
"1190","eutC",0,1,0,0,0,0,0,0,0,0,0,0
"1191","yphA",0,1,0,0,0,0,0,0,0,0,0,0
"1192","ybdD",0,1,0,0,0,0,0,0,0,0,0,0
"1193","lacA",1,0,0,0,1,0,0,0,0,0,0,0
"1194","ygfB",0,1,0,0,0,0,0,0,0,0,0,0
"1195","araA",0,1,0,0,0,0,0,0,0,0,0,0
"1196","tam",1,0,0.25,0.5,0,0,0,0,0,0,0.25,0
"1197","ydcY",0,1,0,0,0,0,0,0,0,0,0,0
"1198","rbsC",1,0,0,0.5,0.25,0,0,0,0,0,0.25,0
"1199","ispZ",0,1,0,0,0,0,0,0,0,0,0,0
"1200","yihS",0,1,0,0,0,0,0,0,0,0,0,0
"1201","yidQ",1,0,1,0,0,0,0,0,0,0,0,0
"1202","yajD",0,1,0,0,0,0,0,0,0,0,0,0
"1203","ada",1,0,0,0,0,0,0,0,1,0,0,0
"1204","uxaA",1,0,0.333333333333333,0.666666666666667,0,0,0,0,0,0,0,0
"1205","greB",0,1,0,0,0,0,0,0,0,0,0,0
"1206","yafC",0,1,0,0,0,0,0,0,0,0,0,0
"1207","ptsN",1,0,0,0.5,0,0,0,0,0.5,0,0,0
"1208","ilvL",0,1,0,0,0,0,0,0,0,0,0,0
"1209","phoR",0,1,0,0,0,0,0,0,0,0,0,0
"1210","rbn",0,1,0,0,0,0,0,0,0,0,0,0
"1211","ugpE",0,1,0,0,0,0,0,0,0,0,0,0
"1212","yqfA",0,1,0,0,0,0,0,0,0,0,0,0
"1213","uvrA",1,0,0,0,1,0,0,0,0,0,0,0
"1214","fdoG",1,0,0,0,0,0,0,0.5,0,0,0,0.5
"1215","pgpA",1,0,1,0,0,0,0,0,0,0,0,0
"1216","katG",1,0,0.235294117647059,0.352941176470588,0,0,0.117647058823529,0.0588235294117647,0,0.117647058823529,0.0588235294117647,0.0588235294117647
"1217","rbsD",1,0,0,0.5,0.25,0,0,0,0,0,0.25,0
"1218","yabI",0,1,0,0,0,0,0,0,0,0,0,0
"1219","argG",1,0,0,1,0,0,0,0,0,0,0,0
"1220","htpX",1,0,0,0.5,0,0,0,0,0,0.5,0,0
"1221","acpP",1,0,1,0,0,0,0,0,0,0,0,0
"1222","frr",0,1,0,0,0,0,0,0,0,0,0,0
"1223","hupA",1,0,1,0,0,0,0,0,0,0,0,0
"1224","crp",1,0,0.5,0,0,0,0.5,0,0,0,0,0
"1225","fldB",0,1,0,0,0,0,0,0,0,0,0,0
"1226","feaR",1,0,0,0.666666666666667,0.333333333333333,0,0,0,0,0,0,0
"1227","ribA",0,1,0,0,0,0,0,0,0,0,0,0
"1228","fucU",1,0,1,0,0,0,0,0,0,0,0,0
"1229","uxaC",1,0,0.25,0.5,0,0,0.25,0,0,0,0,0
"1230","intB",0,1,0,0,0,0,0,0,0,0,0,0
"1231","ydcS",1,0,0,0,0,1,0,0,0,0,0,0
"1232","rpoH",1,0,0.454545454545454,0.227272727272727,0.0227272727272727,0.113636363636364,0,0,0.181818181818182,0,0,0
"1233","glk",1,0,0,0.5,0,0,0,0,0.5,0,0,0
"1234","slyD",0,1,0,0,0,0,0,0,0,0,0,0
"1235","yhhW",0,1,0,0,0,0,0,0,0,0,0,0
"1236","garP",1,0,0,0.666666666666667,0.333333333333333,0,0,0,0,0,0,0
"1237","pal",0,1,0,0,0,0,0,0,0,0,0,0
"1238","norV",1,0,0,0.666666666666667,0.333333333333333,0,0,0,0,0,0,0
"1239","yfeS",1,0,0,1,0,0,0,0,0,0,0,0
"1240","csrA",1,0,0.333333333333333,0,0,0,0,0,0.666666666666667,0,0,0
"1241","hfq",1,0,0.333333333333333,0.666666666666667,0,0,0,0,0,0,0,0
"1242","cfa",1,0,0.375,0.375,0,0,0.125,0,0.125,0,0,0
"1243","yeaQ",0,1,0,0,0,0,0,0,0,0,0,0
"1244","hdeD",1,0,0.268292682926829,0.317073170731707,0.024390243902439,0.146341463414634,0,0,0.0975609756097561,0.024390243902439,0.0975609756097561,0.024390243902439
"1245","osmY",1,0,0,0.136363636363636,0.363636363636364,0,0.0909090909090909,0.181818181818182,0.0227272727272727,0.0909090909090909,0,0.113636363636364
"1246","cbpA",1,0,0,0.375,0.125,0,0.125,0,0.125,0.25,0,0
"1247","yahO",0,1,0,0,0,0,0,0,0,0,0,0
"1248","yccJ",1,0,0.25,0,0,0.25,0,0,0.5,0,0,0
"1249","asr",1,0,0.142857142857143,0.428571428571429,0,0,0,0,0.285714285714286,0.142857142857143,0,0
"1250","ydiZ",0,1,0,0,0,0,0,0,0,0,0,0
"1251","yebV",0,1,0,0,0,0,0,0,0,0,0,0
"1252","wrbA",1,0,0.2,0,0,0.4,0,0,0.4,0,0,0
"1253","ycaC",1,0,0,0,0,0,0,1,0,0,0,0
"1254","yiaG",1,0,0,0.5,0,0,0,0,0,0.5,0,0
"1255","dps",1,0,0.176470588235294,0.294117647058824,0.0882352941176471,0.0882352941176471,0.0882352941176471,0,0.117647058823529,0.0588235294117647,0.0882352941176471,0
"1256","nrdE",1,0,0,0.666666666666667,0.333333333333333,0,0,0,0,0,0,0
"1257","yncE",1,0,0.333333333333333,0.666666666666667,0,0,0,0,0,0,0,0
"1258","treC",1,0,0.333333333333333,0.666666666666667,0,0,0,0,0,0,0,0
"1259","clpA",0,1,0,0,0,0,0,0,0,0,0,0
"1260","entF",1,0,0.333333333333333,0.666666666666667,0,0,0,0,0,0,0,0
"1261","lysU",0,1,0,0,0,0,0,0,0,0,0,0
"1262","phoH",1,0,0.25,0.5,0,0.25,0,0,0,0,0,0
"1263","frdC",1,0,0.272727272727273,0.272727272727273,0,0.181818181818182,0,0,0.181818181818182,0.0909090909090909,0,0
"1264","tonB",0,1,0,0,0,0,0,0,0,0,0,0
"1265","frdA",1,0,0.1875,0.375,0.0625,0.125,0,0,0.125,0.125,0,0
"1266","treB",1,0,0.333333333333333,0.666666666666667,0,0,0,0,0,0,0,0
"1267","hybC",1,0,0,0,1,0,0,0,0,0,0,0
"1268","nrdI",1,0,0,0.666666666666667,0.333333333333333,0,0,0,0,0,0,0
"1269","dcuB",1,0,0.545454545454546,0.363636363636364,0,0,0,0,0,0.0909090909090909,0,0
"1270","sufC",1,0,0.461538461538462,0.307692307692308,0,0.230769230769231,0,0,0,0,0,0
"1271","sufD",1,0,0.461538461538462,0.307692307692308,0,0.230769230769231,0,0,0,0,0,0
"1272","ybdZ",1,0,0.333333333333333,0.666666666666667,0,0,0,0,0,0,0,0
"1273","clpS",1,0,0,0,0,0,1,0,0,0,0,0
"1274","gpmA",1,0,0,0.4,0.2,0,0,0,0.2,0,0.2,0
"1275","yfcZ",1,0,0,0.666666666666667,0.333333333333333,0,0,0,0,0,0,0
"1276","fis",1,0,0.2,0.2,0,0.6,0,0,0,0,0,0
"1277","nrdF",1,0,0,0.666666666666667,0.333333333333333,0,0,0,0,0,0,0
"1278","gltA",1,0,0.2,0.4,0.1,0.3,0,0,0,0,0,0
"1279","aspA",1,0,0.428571428571429,0.428571428571429,0,0,0,0,0,0.142857142857143,0,0
"1280","fdoH",0,1,0,0,0,0,0,0,0,0,0,0
"1281","frdD",1,0,0.272727272727273,0.272727272727273,0,0.181818181818182,0,0,0.181818181818182,0.0909090909090909,0,0
"1282","hypD",1,0,0.5,0,0,0.166666666666667,0,0,0.333333333333333,0,0,0
"1283","glpX",0,1,0,0,0,0,0,0,0,0,0,0
"1284","entB",1,0,0,1,0,0,0,0,0,0,0,0
"1285","fhuF",1,0,0,0,1,0,0,0,0,0,0,0
"1286","sufA",1,0,0.461538461538462,0.307692307692308,0,0.230769230769231,0,0,0,0,0,0
"1287","gdhA",1,0,0,0.307692307692308,0.461538461538462,0,0.0769230769230769,0.0769230769230769,0,0,0.0769230769230769,0
"1288","dcuA",1,0,0.545454545454546,0.363636363636364,0,0,0,0,0,0.0909090909090909,0,0
"1289","dadA",0,1,0,0,0,0,0,0,0,0,0,0
"1290","sufS",1,0,0.461538461538462,0.307692307692308,0,0.230769230769231,0,0,0,0,0,0
"1291","fepB",1,0,0,0.5,0.5,0,0,0,0,0,0,0
"1292","yhbW",1,0,0.333333333333333,0,0,0.333333333333333,0,0,0.333333333333333,0,0,0
"1293","fucI",1,0,0.2,0.4,0,0,0.2,0,0,0.2,0,0
"1294","fsr",0,1,0,0,0,0,0,0,0,0,0,0
"1295","kbl",0,1,0,0,0,0,0,0,0,0,0,0
"1296","serA",0,1,0,0,0,0,0,0,0,0,0,0
"1297","glpQ",1,0,0.375,0.166666666666667,0.0416666666666667,0.0416666666666667,0.166666666666667,0.0416666666666667,0,0.166666666666667,0,0
"1298","sucD",1,0,0.103448275862069,0.310344827586207,0.137931034482759,0,0.172413793103448,0.0689655172413793,0.0689655172413793,0.0689655172413793,0,0.0689655172413793
"1299","yceI",1,0,1,0,0,0,0,0,0,0,0,0
"1300","nrdH",1,0,0,0.666666666666667,0.333333333333333,0,0,0,0,0,0,0
"1301","sdaC",0,1,0,0,0,0,0,0,0,0,0,0
"1302","smg",0,1,0,0,0,0,0,0,0,0,0,0
"1303","gcvT",1,0,0.166666666666667,0.333333333333333,0,0,0.333333333333333,0.166666666666667,0,0,0,0
"1304","ynfE",1,0,0.111111111111111,0.222222222222222,0,0.222222222222222,0.222222222222222,0.111111111111111,0.111111111111111,0,0,0
"1305","nrdD",1,0,0,0.666666666666667,0.333333333333333,0,0,0,0,0,0,0
"1306","sufB",1,0,0.461538461538462,0.307692307692308,0,0.230769230769231,0,0,0,0,0,0
"1307","malP",1,0,1,0,0,0,0,0,0,0,0,0
"1308","gltI",1,0,0.36,0,0,0.64,0,0,0,0,0,0
"1309","dcuC",1,0,1,0,0,0,0,0,0,0,0,0
"1310","ycgM",0,1,0,0,0,0,0,0,0,0,0,0
"1311","fes",1,0,0.333333333333333,0.666666666666667,0,0,0,0,0,0,0,0
"1312","entA",1,0,0,1,0,0,0,0,0,0,0,0
"1313","entE",1,0,0,1,0,0,0,0,0,0,0,0
"1314","yjjI",0,1,0,0,0,0,0,0,0,0,0,0
"1315","ogt",1,0,0,1,0,0,0,0,0,0,0,0
"1316","mntH",1,0,0,1,0,0,0,0,0,0,0,0
"1317","shiA",1,0,0,0,0,0,1,0,0,0,0,0
"1318","sdhB",1,0,0.142857142857143,0.571428571428571,0.142857142857143,0,0,0.142857142857143,0,0,0,0
"1319","gcvR",0,1,0,0,0,0,0,0,0,0,0,0
"1320","entC",1,0,0,1,0,0,0,0,0,0,0,0
"1321","selA",0,1,0,0,0,0,0,0,0,0,0,0
"1322","fucK",1,0,0.2,0.4,0,0,0.2,0,0,0.2,0,0
"1323","iscR",0,1,0,0,0,0,0,0,0,0,0,0
"1324","manX",1,0,0,0.388888888888889,0.5,0,0,0,0,0.0555555555555556,0.0555555555555556,0
"1325","msrA",0,1,0,0,0,0,0,0,0,0,0,0
"1326","fadE",1,0,0.0909090909090909,0.636363636363636,0.272727272727273,0,0,0,0,0,0,0
"1327","ugpC",0,1,0,0,0,0,0,0,0,0,0,0
"1328","manZ",1,0,0,0.454545454545455,0.363636363636364,0,0,0,0,0.0909090909090909,0.0909090909090909,0
"1329","rfe",0,1,0,0,0,0,0,0,0,0,0,0
"1330","yhjE",1,0,0,1,0,0,0,0,0,0,0,0
"1331","mgsA",0,1,0,0,0,0,0,0,0,0,0,0
"1332","hypE",1,0,0.5,0,0,0.166666666666667,0,0,0.333333333333333,0,0,0
"1333","gcvH",1,0,0.428571428571429,0.428571428571429,0,0,0.142857142857143,0,0,0,0,0
"1334","folE",1,0,0,0,0.857142857142857,0,0,0,0,0,0.142857142857143,0
"1335","pykA",1,0,0.25,0,0,0.5,0,0,0.25,0,0,0
"1336","yaeP",0,1,0,0,0,0,0,0,0,0,0,0
"1337","trmA",1,0,1,0,0,0,0,0,0,0,0,0
"1338","edd",1,0,0,1,0,0,0,0,0,0,0,0
"1339","yciH",1,0,1,0,0,0,0,0,0,0,0,0
"1340","metE",1,0,0,0.4,0.2,0,0.2,0,0,0,0.2,0
"1341","yhdH",0,1,0,0,0,0,0,0,0,0,0,0
"1342","nadB",0,1,0,0,0,0,0,0,0,0,0,0
"1343","purT",1,0,0,1,0,0,0,0,0,0,0,0
"1344","exbB",1,0,0.25,0.5,0,0.25,0,0,0,0,0,0
"1345","yebZ",0,1,0,0,0,0,0,0,0,0,0,0
"1346","pnuC",0,1,0,0,0,0,0,0,0,0,0,0
"1347","yncD",0,1,0,0,0,0,0,0,0,0,0,0
"1348","grpE",1,0,1,0,0,0,0,0,0,0,0,0
"1349","sanA",0,1,0,0,0,0,0,0,0,0,0,0
"1350","manY",1,0,0.0588235294117647,0.470588235294118,0.235294117647059,0.0588235294117647,0,0,0,0.0588235294117647,0.117647058823529,0
"1351","ydiP",0,1,0,0,0,0,0,0,0,0,0,0
"1352","ycjY",0,1,0,0,0,0,0,0,0,0,0,0
"1353","tdh",0,1,0,0,0,0,0,0,0,0,0,0
"1354","ybjJ",0,1,0,0,0,0,0,0,0,0,0,0
"1355","yibQ",0,1,0,0,0,0,0,0,0,0,0,0
"1356","ccmF",1,0,0.242424242424242,0.0909090909090909,0,0.545454545454545,0,0,0.121212121212121,0,0,0
"1357","nth",0,1,0,0,0,0,0,0,0,0,0,0
"1358","recC",1,0,0.3125,0,0,0.6875,0,0,0,0,0,0
"1359","rpsQ",1,0,0,0.375,0.375,0,0.25,0,0,0,0,0
"1360","fepD",0,1,0,0,0,0,0,0,0,0,0,0
"1361","aroP",1,0,0.166666666666667,0.583333333333333,0.0833333333333333,0,0,0,0.0833333333333333,0,0.0833333333333333,0
"1362","aqpZ",0,1,0,0,0,0,0,0,0,0,0,0
"1363","cycA",1,0,0.2,0.45,0.15,0.05,0.1,0,0.05,0,0,0
"1364","aroF",1,0,0,0.5,0,0,0.5,0,0,0,0,0
"1365","betB",1,0,0.5,0,0.5,0,0,0,0,0,0,0
"1366","nadE",1,0,0,1,0,0,0,0,0,0,0,0
"1367","gcvP",1,0,0.428571428571429,0.428571428571429,0,0,0.142857142857143,0,0,0,0,0
"1368","yebY",0,1,0,0,0,0,0,0,0,0,0,0
"1369","mutM",1,0,0,0.75,0.25,0,0,0,0,0,0,0
"1370","exbD",0,1,0,0,0,0,0,0,0,0,0,0
"1371","crl",0,1,0,0,0,0,0,0,0,0,0,0
"1372","sdaB",0,1,0,0,0,0,0,0,0,0,0,0
"1373","agaV",1,0,0,1,0,0,0,0,0,0,0,0
"1374","yafD",1,0,1,0,0,0,0,0,0,0,0,0
"1375","aldA",1,0,0.136363636363636,0.409090909090909,0.136363636363636,0.0454545454545455,0.0909090909090909,0,0.136363636363636,0.0454545454545455,0,0
"1376","codB",1,0,0,0,0,0,1,0,0,0,0,0
"1377","pyrD",1,0,0,0,0.5,0,0.5,0,0,0,0,0
"1378","yiaD",0,1,0,0,0,0,0,0,0,0,0,0
"1379","glgC",1,0,0.166666666666667,0.416666666666667,0.0833333333333333,0,0.0833333333333333,0,0.0833333333333333,0.0833333333333333,0.0833333333333333,0
"1380","uhpB",0,1,0,0,0,0,0,0,0,0,0,0
"1381","ybhG",0,1,0,0,0,0,0,0,0,0,0,0
"1382","rimJ",0,1,0,0,0,0,0,0,0,0,0,0
"1383","iscA",1,0,0,0,1,0,0,0,0,0,0,0
"1384","chaA",0,1,0,0,0,0,0,0,0,0,0,0
"1385","ydgJ",0,1,0,0,0,0,0,0,0,0,0,0
"1386","acs",1,0,0.032258064516129,0.258064516129032,0.290322580645161,0,0.0967741935483871,0.0967741935483871,0.032258064516129,0.0967741935483871,0.032258064516129,0.0645161290322581
"1387","asd",1,0,0,0,1,0,0,0,0,0,0,0
"1388","tpx",1,0,0,0,1,0,0,0,0,0,0,0
"1389","glyA",0,1,0,0,0,0,0,0,0,0,0,0
"1390","napH",1,0,0.216216216216216,0.162162162162162,0.027027027027027,0.486486486486487,0,0,0.108108108108108,0,0,0
"1391","pykF",1,0,0,0.5,0,0,0,0,0.5,0,0,0
"1392","yejG",0,1,0,0,0,0,0,0,0,0,0,0
"1393","purC",0,1,0,0,0,0,0,0,0,0,0,0
"1394","lldD",0,1,0,0,0,0,0,0,0,0,0,0
"1395","glpK",0,1,0,0,0,0,0,0,0,0,0,0
"1396","eda",1,0,0,0.2,0.6,0,0,0.2,0,0,0,0
"1397","nirB",1,0,0.0869565217391304,0.521739130434782,0.260869565217391,0,0.0869565217391304,0,0,0,0,0.0434782608695652
"1398","cysK",0,1,0,0,0,0,0,0,0,0,0,0
"1399","betA",1,0,0.5,0,0.5,0,0,0,0,0,0,0
"1400","galP",1,0,0,0.333333333333333,0.666666666666667,0,0,0,0,0,0,0
"1401","yojI",0,1,0,0,0,0,0,0,0,0,0,0
"1402","osmC",1,0,0.3,0.4,0,0.1,0,0,0.1,0.1,0,0
"1403","yhbS",0,1,0,0,0,0,0,0,0,0,0,0
"1404","ybaN",0,1,0,0,0,0,0,0,0,0,0,0
"1405","nrdG",1,0,0,0.5,0.25,0,0.25,0,0,0,0,0
"1406","brnQ",0,1,0,0,0,0,0,0,0,0,0,0
"1407","sdhC",1,0,0.0476190476190476,0.428571428571429,0.285714285714286,0,0.0952380952380952,0.0476190476190476,0,0.0476190476190476,0.0476190476190476,0
"1408","galE",1,0,0,0.222222222222222,0.277777777777778,0,0.0555555555555556,0,0.0555555555555556,0.0555555555555556,0.111111111111111,0.222222222222222
"1409","fumC",1,0,0.15,0.35,0.075,0.175,0.125,0,0.075,0,0.05,0
"1410","bfd",0,1,0,0,0,0,0,0,0,0,0,0
"1411","deoB",1,0,0,0.5,0.25,0.25,0,0,0,0,0,0
"1412","crr",1,0,0.222222222222222,0.555555555555556,0.111111111111111,0,0,0,0.111111111111111,0,0,0
"1413","xseB",0,1,0,0,0,0,0,0,0,0,0,0
"1414","kgtP",1,0,0,0,1,0,0,0,0,0,0,0
"1415","wzzE",0,1,0,0,0,0,0,0,0,0,0,0
"1416","slyB",0,1,0,0,0,0,0,0,0,0,0,0
"1417","fhuE",0,1,0,0,0,0,0,0,0,0,0,0
"1418","yeeN",0,1,0,0,0,0,0,0,0,0,0,0
"1419","hisM",1,0,0.625,0.375,0,0,0,0,0,0,0,0
"1420","putP",1,0,0,0,1,0,0,0,0,0,0,0
"1421","speC",1,0,0,1,0,0,0,0,0,0,0,0
"1422","exuT",1,0,0,0.333333333333333,0,0,0.666666666666667,0,0,0,0,0
"1423","ilvC",0,1,0,0,0,0,0,0,0,0,0,0
"1424","ybiT",1,0,0,0,0,0,0,1,0,0,0,0
"1425","yceH",0,1,0,0,0,0,0,0,0,0,0,0
"1426","napA",1,0,0.216216216216216,0.162162162162162,0.027027027027027,0.486486486486487,0,0,0.108108108108108,0,0,0
"1427","cusR",1,0,0,0,0,1,0,0,0,0,0,0
"1428","ispA",0,1,0,0,0,0,0,0,0,0,0,0
"1429","adhE",1,0,0.357142857142857,0.285714285714286,0,0.214285714285714,0,0,0.142857142857143,0,0,0
"1430","pqqL",0,1,0,0,0,0,0,0,0,0,0,0
"1431","glnH",1,0,0.666666666666667,0,0,0.333333333333333,0,0,0,0,0,0
"1432","yqhD",0,1,0,0,0,0,0,0,0,0,0,0
"1433","ptsG",1,0,0.0769230769230769,0.538461538461539,0.230769230769231,0,0,0,0,0.0769230769230769,0.0769230769230769,0
"1434","yhbW",1,0,0.333333333333333,0,0,0.333333333333333,0,0,0.333333333333333,0,0,0
"1435","yibQ",0,1,0,0,0,0,0,0,0,0,0,0
"1436","cusR",1,0,0,0,0,1,0,0,0,0,0,0
"1437","ydiP",0,1,0,0,0,0,0,0,0,0,0,0
"1438","ycgM",0,1,0,0,0,0,0,0,0,0,0,0
"1439","trmA",1,0,1,0,0,0,0,0,0,0,0,0
"1440","speC",1,0,0,1,0,0,0,0,0,0,0,0
"1441","uhpB",0,1,0,0,0,0,0,0,0,0,0,0
"1442","ybhG",0,1,0,0,0,0,0,0,0,0,0,0
"1443","grpE",1,0,1,0,0,0,0,0,0,0,0,0
"1444","nrdI",1,0,0,0.666666666666667,0.333333333333333,0,0,0,0,0,0,0
"1445","hypD",1,0,0.5,0,0,0.166666666666667,0,0,0.333333333333333,0,0,0
"1446","fadE",1,0,0.0909090909090909,0.636363636363636,0.272727272727273,0,0,0,0,0,0,0
"1447","yncD",0,1,0,0,0,0,0,0,0,0,0,0
"1448","mgsA",0,1,0,0,0,0,0,0,0,0,0,0
"1449","yciH",1,0,1,0,0,0,0,0,0,0,0,0
"1450","pykA",1,0,0.25,0,0,0.5,0,0,0.25,0,0,0
"1451","ugpC",0,1,0,0,0,0,0,0,0,0,0,0
"1452","exuT",1,0,0,0.333333333333333,0,0,0.666666666666667,0,0,0,0,0
"1453","agaV",1,0,0,1,0,0,0,0,0,0,0,0
"1454","bfd",0,1,0,0,0,0,0,0,0,0,0,0
"1455","nrdD",1,0,0,0.666666666666667,0.333333333333333,0,0,0,0,0,0,0
"1456","recC",1,0,0.3125,0,0,0.6875,0,0,0,0,0,0
"1457","dadA",0,1,0,0,0,0,0,0,0,0,0,0
"1458","yaeP",0,1,0,0,0,0,0,0,0,0,0,0
"1459","sanA",0,1,0,0,0,0,0,0,0,0,0,0
"1460","mutM",1,0,0,0.75,0.25,0,0,0,0,0,0,0
"1461","yiaD",0,1,0,0,0,0,0,0,0,0,0,0
"1462","yfcZ",1,0,0,0.666666666666667,0.333333333333333,0,0,0,0,0,0,0
"1463","glpK",0,1,0,0,0,0,0,0,0,0,0,0
"1464","nrdH",1,0,0,0.666666666666667,0.333333333333333,0,0,0,0,0,0,0
"1465","selA",0,1,0,0,0,0,0,0,0,0,0,0
"1466","putP",1,0,0,0,1,0,0,0,0,0,0,0
"1467","fepB",1,0,0,0.5,0.5,0,0,0,0,0,0,0
"1468","ydgJ",0,1,0,0,0,0,0,0,0,0,0,0
"1469","smg",0,1,0,0,0,0,0,0,0,0,0,0
"1470","entA",1,0,0,1,0,0,0,0,0,0,0,0
"1471","fis",1,0,0.2,0.2,0,0.6,0,0,0,0,0,0
"1472","yhdH",0,1,0,0,0,0,0,0,0,0,0,0
"1473","fucK",1,0,0.2,0.4,0,0,0.2,0,0,0.2,0,0
"1474","ispA",0,1,0,0,0,0,0,0,0,0,0,0
"1475","gltA",1,0,0.2,0.4,0.1,0.3,0,0,0,0,0,0
"1476","betB",1,0,0.5,0,0.5,0,0,0,0,0,0,0
"1477","sufA",1,0,0.461538461538462,0.307692307692308,0,0.230769230769231,0,0,0,0,0,0
"1478","sufS",1,0,0.461538461538462,0.307692307692308,0,0.230769230769231,0,0,0,0,0,0
"1479","glgC",1,0,0.166666666666667,0.416666666666667,0.0833333333333333,0,0.0833333333333333,0,0.0833333333333333,0.0833333333333333,0.0833333333333333,0
"1480","yebY",0,1,0,0,0,0,0,0,0,0,0,0
"1481","yafD",1,0,1,0,0,0,0,0,0,0,0,0
"1482","clpA",0,1,0,0,0,0,0,0,0,0,0,0
"1483","ccmF",1,0,0.242424242424242,0.0909090909090909,0,0.545454545454545,0,0,0.121212121212121,0,0,0
"1484","aroF",1,0,0,0.5,0,0,0.5,0,0,0,0,0
"1485","sufC",1,0,0.461538461538462,0.307692307692308,0,0.230769230769231,0,0,0,0,0,0
"1486","clpS",1,0,0,0,0,0,1,0,0,0,0,0
"1487","chaA",0,1,0,0,0,0,0,0,0,0,0,0
"1488","ogt",1,0,0,1,0,0,0,0,0,0,0,0
