"","V1","FFL","No_FFL","Pos_pos","Pos_mixt","Pos_neg","Neg_pos","Neg_mixt","Neg_neg","Mixt_pos","Mixt_mixt_hom","Mixt_mixt_het","Mixt_neg","NP_X"
"1","crcB",0,1,0,0,0,0,0,0,0,0,0,0,0
"2","feoA",1,0,0,0,0,0,0,0,0.25,0,0.75,0,0
"3","fimB",1,0,0,0,0,0,0,0,0,0,1,0,0
"4","lrp",1,0,0,0,0,0,0,0,0,0,1,0,0
"5","nlpD",0,1,0,0,0,0,0,0,0,0,0,0,0
"6","relB",0,1,0,0,0,0,0,0,0,0,0,0,0
"7","relE",0,1,0,0,0,0,0,0,0,0,0,0,0
"8","ruvA",0,1,0,0,0,0,0,0,0,0,0,0,0
"9","sdiA",1,0,0,0,0,0,0,0,0,0,1,0,0
"10","yajI",0,1,0,0,0,0,0,0,0,0,0,0,0
"11","ybbC",0,1,0,0,0,0,0,0,0,0,0,0,0
"12","ybcW",0,1,0,0,0,0,0,0,0,0,0,0,0
"13","ycgJ",0,1,0,0,0,0,0,0,0,0,0,0,0
"14","ycgL",0,1,0,0,0,0,0,0,0,0,0,0,0
"15","ycgZ",1,0,0,0,0,0,0,0,0,0,1,0,0
"16","ychE",0,1,0,0,0,0,0,0,0,0,0,0,0
"17","ydcD",0,1,0,0,0,0,0,0,0,0,0,0,0
"18","yefM",0,1,0,0,0,0,0,0,0,0,0,0,0
"19","ygaC",0,1,0,0,0,0,0,0,0,0,0,0,0
"20","yhhX",0,1,0,0,0,0,0,0,0,0,0,0,0
"21","yiiF",0,1,0,0,0,0,0,0,0,0,0,0,0
"22","lspA",1,0,0,0,0,0,0,0,0,0,1,0,0
"23","nuoE",1,0,0,0.0689655172413793,0,0,0,0,0,0.0689655172413793,0.793103448275862,0.0689655172413793,0
"24","nuoF",1,0,0,0.0689655172413793,0,0,0,0,0,0.0689655172413793,0.793103448275862,0.0689655172413793,0
"25","pgk",1,0,0,0,0,0,0,0,0,0,1,0,0
"26","rfbX",0,1,0,0,0,0,0,0,0,0,0,0,0
"27","thyA",0,1,0,0,0,0,0,0,0,0,0,0,0
"28","tktA",0,1,0,0,0,0,0,0,0,0,0,0,0
"29","ybiW",0,1,0,0,0,0,0,0,0,0,0,0,0
"30","yedF",0,1,0,0,0,0,0,0,0,0,0,0,0
"31","accD",1,0,0,0,0,0,0,0,0,0,1,0,0
"32","agaR",0,1,0,0,0,0,0,0,0,0,0,0,0
"33","allR",0,1,0,0,0,0,0,0,0,0,0,0,0
"34","chpS",0,1,0,0,0,0,0,0,0,0,0,0,0
"35","cobU",0,1,0,0,0,0,0,0,0,0,0,0,0
"36","corA",0,1,0,0,0,0,0,0,0,0,0,0,0
"37","creA",1,0,0,0,0,0,0,0,0,0,1,0,0
"38","cybB",0,1,0,0,0,0,0,0,0,0,0,0,0
"39","dicA",0,1,0,0,0,0,0,0,0,0,0,0,0
"40","dsrB",0,1,0,0,0,0,0,0,0,0,0,0,0
"41","dtd",0,1,0,0,0,0,0,0,0,0,0,0,0
"42","flxA",1,0,0,0,0,0,0,0,0.666666666666667,0,0.333333333333333,0,0
"43","ftsE",0,1,0,0,0,0,0,0,0,0,0,0,0
"44","ftsY",0,1,0,0,0,0,0,0,0,0,0,0,0
"45","hipB",1,0,0,0,0,0,0,0,0,0,1,0,0
"46","hisL",1,0,0,0,0,0,0,0,0,0,1,0,0
"47","intF",0,1,0,0,0,0,0,0,0,0,0,0,0
"48","mobA",0,1,0,0,0,0,0,0,0,0,0,0,0
"49","mobB",0,1,0,0,0,0,0,0,0,0,0,0,0
"50","ogrK",0,1,0,0,0,0,0,0,0,0,0,0,0
"51","panD",0,1,0,0,0,0,0,0,0,0,0,0,0
"52","pdxJ",0,1,0,0,0,0,0,0,0,0,0,0,0
"53","ssb",1,0,0,0,0,0,0,0,0,0,1,0,0
"54","sulA",1,0,0,0,0,0,0,0,0,0,1,0,0
"55","tfaS",0,1,0,0,0,0,0,0,0,0,0,0,0
"56","umuD",0,1,0,0,0,0,0,0,0,0,0,0,0
"57","yacC",0,1,0,0,0,0,0,0,0,0,0,0,0
"58","yciN",0,1,0,0,0,0,0,0,0,0,0,0,0
"59","yebG",0,1,0,0,0,0,0,0,0,0,0,0,0
"60","yedJ",0,1,0,0,0,0,0,0,0,0,0,0,0
"61","yeiS",0,1,0,0,0,0,0,0,0,0,0,0,0
"62","yfdK",0,1,0,0,0,0,0,0,0,0,0,0,0
"63","yhaJ",0,1,0,0,0,0,0,0,0,0,0,0,0
"64","yhbP",0,1,0,0,0,0,0,0,0,0,0,0,0
"65","yhhM",0,1,0,0,0,0,0,0,0,0,0,0,0
"66","yibL",0,1,0,0,0,0,0,0,0,0,0,0,0
"67","yidB",0,1,0,0,0,0,0,0,0,0,0,0,0
"68","yifN",0,1,0,0,0,0,0,0,0,0,0,0,0
"69","yihD",0,1,0,0,0,0,0,0,0,0,0,0,0
"70","yjaG",0,1,0,0,0,0,0,0,0,0,0,0,0
"71","yjbD",0,1,0,0,0,0,0,0,0,0,0,0,0
"72","yjdJ",0,1,0,0,0,0,0,0,0,0,0,0,0
"73","yjjX",0,1,0,0,0,0,0,0,0,0,0,0,0
"74","ykgJ",0,1,0,0,0,0,0,0,0,0,0,0,0
"75","ymfK",0,1,0,0,0,0,0,0,0,0,0,0,0
"76","ymgA",1,0,0,0,0,0,0,0,0,0,1,0,0
"77","ynjH",1,0,0,0,0,0.333333333333333,0,0,0,0,0.666666666666667,0,0
"78","yoaF",0,1,0,0,0,0,0,0,0,0,0,0,0
"79","yoaH",0,1,0,0,0,0,0,0,0,0,0,0,0
"80","yrdA",0,1,0,0,0,0,0,0,0,0,0,0,0
"81","zipA",0,1,0,0,0,0,0,0,0,0,0,0,0
"82","alaX",1,0,0,0,0,0,0,0,0,0,1,0,0
"83","ansA",0,1,0,0,0,0,0,0,0,0,0,0,0
"84","argQ",0,1,0,0,0,0,0,0,0,0,0,0,0
"85","argZ",0,1,0,0,0,0,0,0,0,0,0,0,0
"86","artI",1,0,0,0,0,0,0,0,0,0,1,0,0
"87","artP",1,0,0,0,0,0,0,0,0,0,1,0,0
"88","fbaA",1,0,0,0,0,0,0,0,0,0,1,0,0
"89","glnS",1,0,0,0,0,0,0,0,0,0,1,0,0
"90","glnW",1,0,0,0,0,0,0,0,0,0,1,0,0
"91","gltT",1,0,0.133333333333333,0,0,0,0,0.0666666666666667,0,0,0.8,0,0
"92","gltU",1,0,0.2,0,0,0,0,0,0,0,0.8,0,0
"93","gltV",1,0,0.285714285714286,0,0,0,0,0,0,0,0.714285714285714,0,0
"94","gltW",1,0,0.285714285714286,0,0,0,0,0,0,0,0.714285714285714,0,0
"95","ileT",1,0,0.2,0,0,0,0,0,0,0,0.8,0,0
"96","ileU",1,0,0.285714285714286,0,0,0,0,0,0,0,0.714285714285714,0,0
"97","leuW",1,0,0,0,0,0,0,0,0,0,1,0,0
"98","lysQ",0,1,0,0,0,0,0,0,0,0,0,0,0
"99","lysT",1,0,0,0,0,0,0,0,0,0,1,0,0
"100","lysW",1,0,0,0,0,0,0,0,0,0,1,0,0
"101","lysY",0,1,0,0,0,0,0,0,0,0,0,0,0
"102","lysZ",0,1,0,0,0,0,0,0,0,0,0,0,0
"103","malE",1,0,0,0,0,0,0,0,0,0.0740740740740741,0.925925925925925,0,0
"104","metT",1,0,0,0,0,0,0,0,0,0,1,0,0
"105","metU",1,0,0,0,0,0,0,0,0,0,1,0,0
"106","nuoA",1,0,0,0.0434782608695652,0,0,0,0.0434782608695652,0,0.0434782608695652,0.826086956521739,0.0434782608695652,0
"107","nuoB",1,0,0,0.0689655172413793,0,0,0,0,0,0.0689655172413793,0.793103448275862,0.0689655172413793,0
"108","oppA",1,0,0,0,0,0,0.125,0,0,0,0.875,0,0
"109","pepQ",0,1,0,0,0,0,0,0,0,0,0,0,0
"110","potC",0,1,0,0,0,0,0,0,0,0,0,0,0
"111","pssA",0,1,0,0,0,0,0,0,0,0,0,0,0
"112","rfaD",1,0,0,0,0,0,0,0,0.181818181818182,0,0.818181818181818,0,0
"113","ribE",1,0,0,0,0,0,0,0,0,0,1,0,0
"114","serT",1,0,0,0,0,0,0,0,0,0,1,0,0
"115","thrV",1,0,0.285714285714286,0,0,0,0,0,0,0,0.714285714285714,0,0
"116","tyrT",1,0,0,0,0,0,0,0,0,0,1,0,0
"117","tyrV",1,0,0,0,0,0,0,0,0,0,1,0,0
"118","yfdH",0,1,0,0,0,0,0,0,0,0,0,0,0
"119","yfaZ",0,1,0,0,0,0,0,0,0,0,0,0,0
"120","ampD",0,1,0,0,0,0,0,0,0,0,0,0,0
"121","cueR",0,1,0,0,0,0,0,0,0,0,0,0,0
"122","intR",0,1,0,0,0,0,0,0,0,0,0,0,0
"123","priC",0,1,0,0,0,0,0,0,0,0,0,0,0
"124","seqA",1,0,0,0,0,0,0,0,0,0,1,0,0
"125","yajG",0,1,0,0,0,0,0,0,0,0,0,0,0
"126","ytfP",0,1,0,0,0,0,0,0,0,0,0,0,0
"127","yeaQ",0,1,0,0,0,0,0,0,0,0,0,0,0
"128","osmY",1,0,0,0,0,0,0,0.113636363636364,0,0.0227272727272727,0.772727272727272,0.0909090909090909,0
"129","hdeA",1,0,0.0196078431372549,0,0,0,0.0196078431372549,0.0392156862745098,0,0.0392156862745098,0.882352941176471,0,0
"130","yahO",0,1,0,0,0,0,0,0,0,0,0,0,0
"131","alaT",1,0,0.2,0,0,0,0,0,0,0,0.8,0,0
"132","alaU",1,0,0.285714285714286,0,0,0,0,0,0,0,0.714285714285714,0,0
"133","aroA",0,1,0,0,0,0,0,0,0,0,0,0,0
"134","cyoB",1,0,0,0.0487804878048781,0,0,0,0,0,0.024390243902439,0.926829268292683,0,0
"135","dadA",0,1,0,0,0,0,0,0,0,0,0,0,0
"136","atpH",0,1,0,0,0,0,0,0,0,0,0,0,0
"137","atpB",0,1,0,0,0,0,0,0,0,0,0,0,0
"138","atpE",0,1,0,0,0,0,0,0,0,0,0,0,0
"139","atpF",0,1,0,0,0,0,0,0,0,0,0,0,0
"140","atpG",0,1,0,0,0,0,0,0,0,0,0,0,0
"141","cheA",1,0,0,0,0,0,0,0,0,0,1,0,0
"142","cheB",1,0,0,0,0,0,0,0,0.666666666666667,0,0.333333333333333,0,0
"143","cheW",1,0,0,0,0,0,0,0,0,0,1,0,0
"144","cheZ",1,0,0,0,0,0,0,0,0.666666666666667,0,0.333333333333333,0,0
"145","eno",1,0,0,0,0,0,0,0,0.25,0,0.75,0,0
"146","flgH",1,0,0.0909090909090909,0,0,0.363636363636364,0,0,0,0,0.545454545454546,0,0
"147","fliP",1,0,0.0625,0,0,0.4375,0,0,0,0,0.5,0,0
"148","fliQ",1,0,0.0625,0,0,0.4375,0,0,0,0,0.5,0,0
"149","eco",0,1,0,0,0,0,0,0,0,0,0,0,0
"150","cspD",1,0,0,0,0,0,0,0,0,0,1,0,0
"151","dnaK",0,1,0,0,0,0,0,0,0,0,0,0,0
"152","flgD",1,0,0.0909090909090909,0,0,0.363636363636364,0,0,0,0,0.545454545454546,0,0
"153","flgE",1,0,0.0909090909090909,0,0,0.363636363636364,0,0,0,0,0.545454545454546,0,0
"154","flgF",1,0,0.0909090909090909,0,0,0.363636363636364,0,0,0,0,0.545454545454546,0,0
"155","flgG",1,0,0.0909090909090909,0,0,0.363636363636364,0,0,0,0,0.545454545454546,0,0
"156","flgI",1,0,0.0909090909090909,0,0,0.363636363636364,0,0,0,0,0.545454545454546,0,0
"157","gatA",1,0,0,0,0,0,0,0,0,0,1,0,0
"158","gatB",1,0,0,0,0,0,0,0,0,0,1,0,0
"159","gatZ",1,0,0,0,0,0,0,0,0,0,1,0,0
"160","glcC",1,0,0,0,0,0,0,0,0,0,1,0,0
"161","gltA",1,0,0,0,0,0,0,0,0,0,1,0,0
"162","hslJ",0,1,0,0,0,0,0,0,0,0,0,0,0
"163","lpxD",1,0,0,0,0,0,0,0,0,0,1,0,0
"164","nuoC",1,0,0,0.0689655172413793,0,0,0,0,0,0.0689655172413793,0.793103448275862,0.0689655172413793,0
"165","rpoE",1,0,0,0,0,0,0,0,0,0,0.999999999999999,0,0
"166","rseA",1,0,0,0,0,0,0.0547945205479452,0,0.0136986301369863,0,0.93150684931507,0,0
"167","glgS",1,0,0,0,0,0,0,0,0,0,1,0,0
"168","htpX",1,0,0,0,0,0,0,0,0,0.5,0.5,0,0
"169","miaA",1,0,0,0,0,0,0,0,0,0,1,0,0
"170","nmpC",0,1,0,0,0,0,0,0,0,0,0,0,0
"171","rpoH",1,0,0,0,0,0.0454545454545455,0,0,0,0,0.954545454545454,0,0
"172","sdaC",0,1,0,0,0,0,0,0,0,0,0,0,0
"173","dinI",1,0,0,0,0,0,0,0,0,0,1,0,0
"174","dinJ",1,0,0,0,0,0,0,0,0,0,1,0,0
"175","fadL",1,0,0,0,0,0.0256410256410256,0.0256410256410256,0,0.0512820512820513,0,0.897435897435898,0,0
"176","fliD",1,0,0.0555555555555556,0,0,0.388888888888889,0,0,0,0,0.555555555555556,0,0
"177","fliF",1,0,0.0289855072463768,0,0,0.202898550724638,0.0579710144927536,0,0,0.0289855072463768,0.666666666666666,0.0144927536231884,0
"178","fliG",1,0,0.0289855072463768,0,0,0.202898550724638,0.0579710144927536,0,0,0.0289855072463768,0.666666666666666,0.0144927536231884,0
"179","fliI",1,0,0.0289855072463768,0,0,0.202898550724638,0.0579710144927536,0,0,0.0289855072463768,0.666666666666666,0.0144927536231884,0
"180","fliJ",1,0,0.0289855072463768,0,0,0.202898550724638,0.0579710144927536,0,0,0.0289855072463768,0.666666666666666,0.0144927536231884,0
"181","fliK",1,0,0.0289855072463768,0,0,0.202898550724638,0.0579710144927536,0,0,0.0289855072463768,0.666666666666666,0.0144927536231884,0
"182","fliL",1,0,0.0625,0,0,0.4375,0,0,0,0,0.5,0,0
"183","fliM",1,0,0.0625,0,0,0.4375,0,0,0,0,0.5,0,0
"184","fliN",1,0,0.0625,0,0,0.4375,0,0,0,0,0.5,0,0
"185","fliO",1,0,0.0625,0,0,0.4375,0,0,0,0,0.5,0,0
"186","fliS",1,0,0.0625,0,0,0.4375,0,0,0,0,0.5,0,0
"187","fliT",1,0,0.0625,0,0,0.4375,0,0,0,0,0.5,0,0
"188","galM",1,0,0,0,0,0,0,0,0,0.0833333333333333,0.916666666666667,0,0
"189","groL",1,0,0,0,0,0,0,0,0,0,1,0,0
"190","groS",1,0,0,0,0,0,0,0,0,0,1,0,0
"191","hslU",0,1,0,0,0,0,0,0,0,0,0,0,0
"192","hslV",0,1,0,0,0,0,0,0,0,0,0,0,0
"193","osmB",1,0,0,0,0,0,0,0,0,0,1,0,0
"194","potD",0,1,0,0,0,0,0,0,0,0,0,0,0
"195","pyrL",0,1,0,0,0,0,0,0,0,0,0,0,0
"196","motA",1,0,0,0,0,0,0,0,0,0,1,0,0
"197","nlpA",1,0,0,0,0,0,0,0,0,0,1,0,0
"198","rbsD",1,0,0,0,0,0,0,0,0,0,1,0,0
"199","sucD",1,0,0,0,0,0,0,0,0,0,0.93103448275862,0.0689655172413793,0
"200","yagU",0,1,0,0,0,0,0,0,0,0,0,0,0
"201","ybfA",0,1,0,0,0,0,0,0,0,0,0,0,0
"202","ydgD",0,1,0,0,0,0,0,0,0,0,0,0,0
"203","yejG",0,1,0,0,0,0,0,0,0,0,0,0,0
"204","yccA",0,1,0,0,0,0,0,0,0,0,0,0,0
"205","ygdR",0,1,0,0,0,0,0,0,0,0,0,0,0
"206","ygdQ",0,1,0,0,0,0,0,0,0,0,0,0,0
"207","yhcN",0,1,0,0,0,0,0,0,0,0,0,0,0
"208","yigI",0,1,0,0,0,0,0,0,0,0,0,0,0
"209","ylaC",0,1,0,0,0,0,0,0,0,0,0,0,0
"210","yraQ",0,1,0,0,0,0,0,0,0,0,0,0,0
"211","yhiI",0,1,0,0,0,0,0,0,0,0,0,0,0
"212","yjiX",0,1,0,0,0,0,0,0,0,0,0,0,0
"213","yqjC",0,1,0,0,0,0,0,0,0,0,0,0,0
"214","recA",0,1,0,0,0,0,0,0,0,0,0,0,0
"215","speA",0,1,0,0,0,0,0,0,0,0,0,0,0
"216","speD",0,1,0,0,0,0,0,0,0,0,0,0,0
"217","uvrY",1,0,0,0,0,0,0,0,0,0,1,0,0
"218","yciI",0,1,0,0,0,0,0,0,0,0,0,0,0
"219","ygiC",1,0,0,0,0,0,0,0,0,0,1,0,0
"220","yqgB",0,1,0,0,0,0,0,0,0,0,0,0,0
"221","tap",1,0,0,0,0,0,0,0,0.666666666666667,0,0.333333333333333,0,0
"222","tar",1,0,0,0,0,0,0,0,0.666666666666667,0,0.333333333333333,0,0
"223","tsr",1,0,0,0,0,0,0,0,0,0,1,0,0
"224","tsx",1,0,0,0,0,0,0,0,0,0,1,0,0
"225","ybjX",0,1,0,0,0,0,0,0,0,0,0,0,0
"226","yffB",0,1,0,0,0,0,0,0,0,0,0,0,0
"227","ykfB",0,1,0,0,0,0,0,0,0,0,0,0,0
"228","ymdA",1,0,0.0833333333333333,0,0,0.333333333333333,0,0,0,0,0.583333333333333,0,0
"229","zntR",1,0,0,0,0,0,0,0,0,0,1,0,0
"230","fucK",1,0,0,0,0,0,0,0,0,0,1,0,0
"231","gpsA",0,1,0,0,0,0,0,0,0,0,0,0,0
"232","hslR",0,1,0,0,0,0,0,0,0,0,0,0,0
"233","hupA",1,0,0,0,0,0,0,0,0,0,1,0,0
"234","phoB",0,1,0,0,0,0,0,0,0,0,0,0,0
"235","aceE",1,0,0,0,0,0,0,0,0,0.1,0.9,0,0
"236","cyoA",1,0,0,0.0487804878048781,0,0,0,0,0,0.024390243902439,0.926829268292683,0,0
"237","cyoC",1,0,0,0.0487804878048781,0,0,0,0,0,0.024390243902439,0.926829268292683,0,0
"238","cyoD",1,0,0,0.0487804878048781,0,0,0,0,0,0.024390243902439,0.926829268292683,0,0
"239","dsbB",0,1,0,0,0,0,0,0,0,0,0,0,0
"240","gnd",1,0,0,0,0,0,0,0,0,0,1,0,0
"241","gpt",0,1,0,0,0,0,0,0,0,0,0,0,0
"242","guaA",1,0,0,0,0,0,0,0,0,0,1,0,0
"243","hha",1,0,0,0,0,0,0,0,0,0,1,0,0
"244","metK",1,0,0,0,0,0,0,0,0,0.111111111111111,0.888888888888889,0,0
"245","ndk",0,1,0,0,0,0,0,0,0,0,0,0,0
"246","nuoG",1,0,0,0.0689655172413793,0,0,0,0,0,0.0689655172413793,0.793103448275862,0.0689655172413793,0
"247","nuoH",1,0,0,0.0689655172413793,0,0,0,0,0,0.0689655172413793,0.793103448275862,0.0689655172413793,0
"248","nuoI",1,0,0,0.0689655172413793,0,0,0,0,0,0.0689655172413793,0.793103448275862,0.0689655172413793,0
"249","nuoJ",1,0,0,0.0689655172413793,0,0,0,0,0,0.0689655172413793,0.793103448275862,0.0689655172413793,0
"250","nuoK",1,0,0,0.0689655172413793,0,0,0,0,0,0.0689655172413793,0.793103448275862,0.0689655172413793,0
"251","nuoL",1,0,0,0.0689655172413793,0,0,0,0,0,0.0689655172413793,0.793103448275862,0.0689655172413793,0
"252","oppB",1,0,0,0,0,0,0.0833333333333333,0,0,0,0.916666666666667,0,0
"253","oppC",1,0,0,0,0,0,0.0833333333333333,0,0,0,0.916666666666667,0,0
"254","pmrD",0,1,0,0,0,0,0,0,0,0,0,0,0
"255","pstS",1,0,0,0,0,0,0,0,0.105263157894737,0,0.894736842105263,0,0
"256","rne",0,1,0,0,0,0,0,0,0,0,0,0,0
"257","pheM",1,0,0,0,0,0,0,0,0,0,1,0,0
"258","ptsG",1,0,0,0,0,0,0,0,0,0.0769230769230769,0.923076923076923,0,0
"259","ptsH",1,0,0,0,0,0,0,0,0,0,1,0,0
"260","purU",0,1,0,0,0,0,0,0,0,0,0,0,0
"261","pyrG",0,1,0,0,0,0,0,0,0,0,0,0,0
"262","rmf",1,0,0,0,0,0,0,0,0,0,1,0,0
"263","rnb",0,1,0,0,0,0,0,0,0,0,0,0,0
"264","rsd",1,0,0,0,0,0,0,0,0.1,0,0.9,0,0
"265","surA",0,1,0,0,0,0,0,0,0,0,0,0,0
"266","yicG",0,1,0,0,0,0,0,0,0,0,0,0,0
"267","yjaB",0,1,0,0,0,0,0,0,0,0,0,0,0
"268","yaiA",1,0,0,0,0,0,0,0,0,0,1,0,0
"269","ybhB",0,1,0,0,0,0,0,0,0,0,0,0,0
"270","yeaC",0,1,0,0,0,0,0,0,0,0,0,0,0
"271","yeeN",0,1,0,0,0,0,0,0,0,0,0,0,0
"272","yjhD",0,1,0,0,0,0,0,0,0,0,0,0,0
"273","yehS",0,1,0,0,0,0,0,0,0,0,0,0,0
"274","yhjR",0,1,0,0,0,0,0,0,0,0,0,0,0
"275","yjbQ",1,0,0,0,0,0,0,0,0,0,1,0,0
"276","rpoS",1,0,0,0,0,0,0,0,0,0,1,0,0
"277","iscR",0,1,0,0,0,0,0,0,0,0,0,0,0
"278","nrdH",1,0,0,0,0,0,0,0,0,0,1,0,0
"279","nrdI",1,0,0,0,0,0,0,0,0,0,1,0,0
"280","argT",1,0,0,0,0,0,0,0,0,0,1,0,0
"281","betI",1,0,0,0,0,0,0,0,0,0,1,0,0
"282","clpA",0,1,0,0,0,0,0,0,0,0,0,0,0
"283","hybD",1,0,0,0,0,0,0,0,0,0,1,0,0
"284","tonB",0,1,0,0,0,0,0,0,0,0,0,0,0
"285","fis",1,0,0,0,0,0,0,0,0,0,1,0,0
"286","smg",0,1,0,0,0,0,0,0,0,0,0,0,0
"287","ycgM",0,1,0,0,0,0,0,0,0,0,0,0,0
"288","mgsA",0,1,0,0,0,0,0,0,0,0,0,0,0
"289","sucC",1,0,0,0,0,0,0,0,0,0,0.945945945945945,0.0540540540540541,0
"290","pepD",1,0,0,0,0,0,0,0.333333333333333,0,0,0.666666666666667,0,0
"291","yciH",1,0,0,0,0,0,0,0,0,0,1,0,0
"292","exbB",1,0,0,0,0,0.25,0,0,0,0,0.75,0,0
"293","pnuC",0,1,0,0,0,0,0,0,0,0,0,0,0
"294","sanA",0,1,0,0,0,0,0,0,0,0,0,0,0
"295","yfeD",0,1,0,0,0,0,0,0,0,0,0,0,0
"296","exbD",0,1,0,0,0,0,0,0,0,0,0,0,0
"297","sucB",1,0,0,0,0,0,0,0,0,0,0.93103448275862,0.0689655172413793,0
"298","ilvM",1,0,0,0,0,0,0,0,0,0,1,0,0
"299","rimJ",0,1,0,0,0,0,0,0,0,0,0,0,0
"300","ydhR",0,1,0,0,0,0,0,0,0,0,0,0,0
"301","ais",0,1,0,0,0,0,0,0,0,0,0,0,0
"302","ybiV",0,1,0,0,0,0,0,0,0,0,0,0,0
"303","pykF",1,0,0,0,0,0,0,0,0,0,1,0,0
"304","ynaJ",0,1,0,0,0,0,0,0,0,0,0,0,0
"305","osmC",1,0,0,0,0,0,0,0,0,0.1,0.9,0,0
"306","yhbS",0,1,0,0,0,0,0,0,0,0,0,0,0
"307","ung",1,0,0,0,0,0,0,0,0,0,1,0,0
"308","bfd",0,1,0,0,0,0,0,0,0,0,0,0,0
"309","yedE",0,1,0,0,0,0,0,0,0,0,0,0,0
"310","yceH",0,1,0,0,0,0,0,0,0,0,0,0,0
"311","yceB",0,1,0,0,0,0,0,0,0,0,0,0,0
"312","ftsZ",1,0,0,0,0,0,0,0,0,0,1,0,0
"313","aroG",1,0,0,0,0,0,0,0,0,0,1,0,0
"314","cspG",0,1,0,0,0,0,0,0,0,0,0,0,0
"315","flhC",1,0,0,0,0,0,0,0.0614035087719298,0,0,0.938596491228072,0,0
"316","glpF",1,0,0,0,0,0,0,0,0,0,1,0,0
"317","cspA",1,0,0,0,0,0,0,0,0,0,1,0,0
"318","glpT",1,0,0.0666666666666667,0,0,0,0,0.0666666666666667,0,0.266666666666667,0.6,0,0
"319","flhD",1,0,0,0,0,0,0,0.0598290598290598,0,0,0.940170940170939,0,0
"320","pspC",1,0,0,0,0,0,0,0,0,0,1,0,0
"321","pspA",1,0,0,0,0,0,0,0,0,0,1,0,0
"322","pspB",1,0,0,0,0,0,0,0,0,0,1,0,0
"323","secE",0,1,0,0,0,0,0,0,0,0,0,0,0
"324","speE",0,1,0,0,0,0,0,0,0,0,0,0,0
"325","rplY",0,1,0,0,0,0,0,0,0,0,0,0,0
"326","potA",0,1,0,0,0,0,0,0,0,0,0,0,0
"327","speB",1,0,0,0,0,0,0,0,0,0,1,0,0
"328","stpA",1,0,0,0,0,0,0.25,0,0,0,0.75,0,0
"329","thiI",0,1,0,0,0,0,0,0,0,0,0,0,0
"330","rpsA",0,1,0,0,0,0,0,0,0,0,0,0,0
"331","pcnB",1,0,0,0,0,0,0,0,0,0,1,0,0
"332","yhbE",1,0,0,0,0,0,0,0,0,0,1,0,0
"333","yidC",0,1,0,0,0,0,0,0,0,0,0,0,0
"334","secA",0,1,0,0,0,0,0,0,0,0,0,0,0
"335","rnpA",0,1,0,0,0,0,0,0,0,0,0,0,0
"336","yebC",0,1,0,0,0,0,0,0,0,0,0,0,0
"337","pyrF",1,0,0,0,0,0,0,0,0,0,1,0,0
"338","queA",0,1,0,0,0,0,0,0,0,0,0,0,0
"339","rpsT",0,1,0,0,0,0,0,0,0,0,0,0,0
"340","rpsF",1,0,0,0,0,0,0,0,0,0,1,0,0
"341","yhdZ",1,0,0,0,0,0,0,0,0,0,1,0,0
"342","ydiY",0,1,0,0,0,0,0,0,0,0,0,0,0
"343","soxS",1,0,0,0,0,0,0,0,0,0,1,0,0
"344","potB",0,1,0,0,0,0,0,0,0,0,0,0,0
"345","greA",1,0,0,0,0,0,0,0,0,0,1,0,0
"346","ybfE",1,0,0,0,0,0,0,0,0,0,1,0,0
"347","spoT",0,1,0,0,0,0,0,0,0,0,0,0,0
"348","rpsB",0,1,0,0,0,0,0,0,0,0,0,0,0
"349","modA",1,0,0,0,0,0.2,0,0,0,0,0.8,0,0
"350","priB",1,0,0,0,0,0,0,0,0,0,1,0,0
"351","prfC",0,1,0,0,0,0,0,0,0,0,0,0,0
"352","purB",0,1,0,0,0,0,0,0,0,0,0,0,0
"353","tsf",0,1,0,0,0,0,0,0,0,0,0,0,0
"354","cobS",0,1,0,0,0,0,0,0,0,0,0,0,0
"355","yfhL",0,1,0,0,0,0,0,0,0,0,0,0,0
"356","apt",0,1,0,0,0,0,0,0,0,0,0,0,0
"357","uraA",0,1,0,0,0,0,0,0,0,0,0,0,0
"358","ybgI",0,1,0,0,0,0,0,0,0,0,0,0,0
"359","yihX",0,1,0,0,0,0,0,0,0,0,0,0,0
"360","yfdY",0,1,0,0,0,0,0,0,0,0,0,0,0
"361","uspA",1,0,0,0,0,0,0,0,0,0,1,0,0
"362","mrr",0,1,0,0,0,0,0,0,0,0,0,0,0
"363","srmB",0,1,0,0,0,0,0,0,0,0,0,0,0
"364","yecA",0,1,0,0,0,0,0,0,0,0,0,0,0
"365","yaeH",0,1,0,0,0,0,0,0,0,0,0,0,0
"366","yiiS",1,0,0,0,0,0,0,0,0,0,1,0,0
"367","grxB",0,1,0,0,0,0,0,0,0,0,0,0,0
"368","yacL",1,0,0,0,0,0,0,0,0,0,1,0,0
"369","ybhC",0,1,0,0,0,0,0,0,0,0,0,0,0
"370","arcA",0,1,0,0,0,0,0,0,0,0,0,0,0
"371","mscL",0,1,0,0,0,0,0,0,0,0,0,0,0
"372","yjeI",0,1,0,0,0,0,0,0,0,0,0,0,0
"373","hdhA",0,1,0,0,0,0,0,0,0,0,0,0,0
"374","ycbZ",0,1,0,0,0,0,0,0,0,0,0,0,0
"375","osmE",1,0,0,0,0,0,0,0,0,0,0.875,0.125,0
"376","rof",0,1,0,0,0,0,0,0,0,0,0,0,0
"377","elaB",0,1,0,0,0,0,0,0,0,0,0,0,0
"378","yhaH",0,1,0,0,0,0,0,0,0,0,0,0,0
"379","ytfK",1,0,0,0,0,0,0,0,0,0.111111111111111,0.888888888888889,0,0
"380","cysQ",0,1,0,0,0,0,0,0,0,0,0,0,0
"381","holA",0,1,0,0,0,0,0,0,0,0,0,0,0
"382","elaA",0,1,0,0,0,0,0,0,0,0,0,0,0
"383","bolA",1,0,0,0,0,0,0,0,0,0.166666666666667,0.833333333333333,0,0
"384","prc",0,1,0,0,0,0,0,0,0,0,0,0,0
"385","nrdB",1,0,0,0,0,0,0,0,0,0,1,0,0
"386","yeaO",0,1,0,0,0,0,0,0,0,0,0,0,0
"387","rbfA",1,0,0,0,0,0,0,0,0,0,1,0,0
"388","iclR",0,1,0,0,0,0,0,0,0,0,0,0,0
"389","csdA",0,1,0,0,0,0,0,0,0,0,0,0,0
"390","aspS",0,1,0,0,0,0,0,0,0,0,0,0,0
"391","rpoD",1,0,0,0,0,0,0,0,0.333333333333333,0,0.666666666666667,0,0
"392","nupC",1,0,0,0,0,0,0,0,0,0,1,0,0
"393","narP",1,0,0,0,0,0,0,0,0,0,1,0,0
"394","valS",1,0,0,0,0,0,0,0,0,0,1,0,0
"395","ibpA",1,0,0,0,0,0,0,0,0,0,1,0,0
"396","ydgK",0,1,0,0,0,0,0,0,0,0,0,0,0
"397","accB",1,0,0,0,0,0,0,0,0,0,1,0,0
"398","evgA",1,0,0,0,0,0,0,0,0,0.2,0.8,0,0
"399","trxC",0,1,0,0,0,0,0,0,0,0,0,0,0
"400","ibpB",1,0,0,0,0,0.0625,0,0,0.125,0,0.8125,0,0
"401","ucpA",0,1,0,0,0,0,0,0,0,0,0,0,0
"402","sbmC",1,0,0,0,0,0,0,0,0,0,1,0,0
"403","exuR",1,0,0,0,0,0,0,0,0,0,1,0,0
"404","lexA",0,1,0,0,0,0,0,0,0,0,0,0,0
"405","pfkB",1,0,0,0,0,0,0,0,0,0,1,0,0
"406","bfr",1,0,0,0,0,0,0,0,0,0,1,0,0
"407","ybaQ",0,1,0,0,0,0,0,0,0,0,0,0,0
"408","gnsB",0,1,0,0,0,0,0,0,0,0,0,0,0
"409","accC",1,0,0,0,0,0,0,0,0,0,1,0,0
"410","cspE",1,0,0,0,0.125,0,0,0,0,0,0.875,0,0
"411","yrbL",1,0,0,0,0,0,0,0,0,0,1,0,0
"412","ybcM",0,1,0,0,0,0,0,0,0,0,0,0,0
"413","yqcA",0,1,0,0,0,0,0,0,0,0,0,0,0
"414","lpxC",1,0,0,0,0,0,0,0,0,0,1,0,0
"415","ydgC",0,1,0,0,0,0,0,0,0,0,0,0,0
"416","ymgD",0,1,0,0,0,0,0,0,0,0,0,0,0
"417","ychN",0,1,0,0,0,0,0,0,0,0,0,0,0
"418","dgkA",0,1,0,0,0,0,0,0,0,0,0,0,0
"419","ybjQ",0,1,0,0,0,0,0,0,0,0,0,0,0
"420","yddM",0,1,0,0,0,0,0,0,0,0,0,0,0
"421","ygiN",0,1,0,0,0,0,0,0,0,0,0,0,0
"422","nlpC",0,1,0,0,0,0,0,0,0,0,0,0,0
"423","ytfB",0,1,0,0,0,0,0,0,0,0,0,0,0
"424","yniB",0,1,0,0,0,0,0,0,0,0,0,0,0
"425","folA",1,0,0,0,0,0,0,0,0,0,1,0,0
"426","folX",0,1,0,0,0,0,0,0,0,0,0,0,0
"427","fur",1,0,0,0,0,0,0,0,0,0,1,0,0
"428","leuL",1,0,0,0,0,0,0,0,0,0,1,0,0
"429","yiiR",0,1,0,0,0,0,0,0,0,0,0,0,0
"430","ubiA",1,0,0,0,0,0,0.0526315789473684,0,0,0,0.842105263157894,0.105263157894737,0
"431","thrL",1,0,0,0,0,0,0,0,0,0,1,0,0
"432","yoaC",1,0,0,0,0,0,0,0,0,0,1,0,0
"433","ydcY",0,1,0,0,0,0,0,0,0,0,0,0,0
"434","yidQ",1,0,0,0,0,0,0,0,0,0,1,0,0
"435","yajD",0,1,0,0,0,0,0,0,0,0,0,0,0
"436","greB",0,1,0,0,0,0,0,0,0,0,0,0,0
"437","ilvL",0,1,0,0,0,0,0,0,0,0,0,0,0
"438","frr",0,1,0,0,0,0,0,0,0,0,0,0,0
"439","crp",1,0,0,0,0,0,0,0,0,0,1,0,0
"440","fucU",1,0,0,0,0,0,0,0,0,0,1,0,0
"441","cspB",0,1,0,0,0,0,0,0,0,0,0,0,0
"442","cspB",0,1,0,0,0,0,0,0,0,0,0,0,0
"443","ompF",1,0,0,0,0,0,0,0,0,0,0.999999999999999,0,0
"444","ycfJ",0,1,0,0,0,0,0,0,0,0,0,0,0
"445","yhdN",1,0,0,0,0,0,0,0,0,0,1,0,0
"446","yjcB",1,0,0,0,0,0,0,0,0,0,1,0,0
